old_format,441,446,449,458,469,476,481,493,515,527,537,538,539,543,553,561,568,574,580,622,675
p441s,S,F,G,N,C,M,A,Y,R,P,N,G,R,I,P,R,V,P,C,R,A
N458D,P,F,G,D,C,M,A,Y,R,P,N,G,R,I,P,R,V,P,C,R,A
n458d,P,F,G,D,C,M,A,Y,R,P,N,G,R,I,P,R,V,P,C,R,A
s466n/i543v*,P,F,G,N,C,M,A,Y,R,P,N,G,R,V,P,R,V,P,C,R,A
p574s,P,F,G,N,C,M,A,Y,R,P,N,G,R,I,P,R,V,S,C,R,A
c469y*,P,F,G,N,Y,M,A,Y,R,P,N,G,R,I,P,R,V,P,C,R,A
g449c,P,F,C,N,C,M,A,Y,R,P,N,G,R,I,P,R,V,P,C,R,A
s477f/p570l/p574f/h719y/s720f*,P,F,G,N,C,M,A,Y,R,P,N,G,R,I,P,R,V,F,C,R,A
p527h,P,F,G,N,C,M,A,Y,R,H,N,G,R,I,P,R,V,P,C,R,A
a481v,P,F,G,N,C,M,V,Y,R,P,N,G,R,I,P,R,V,P,C,R,A
p527s,P,F,G,N,C,M,A,Y,R,S,N,G,R,I,P,R,V,P,C,R,A
c469y,P,F,G,N,Y,M,A,Y,R,P,N,G,R,I,P,R,V,P,C,R,A