"study_id","survey_id","collection_start","collection_end","variant_string","variant_num","total_num"
"s0008a_MSMT_TZA_22","s0007_bukangara",2022-01-01,2022-01-01,"crt:76:T",2,166
"s0008a_MSMT_TZA_22","s0007_bukangara",2022-01-01,2022-01-01,"k13:441:L",0,166
"s0008a_MSMT_TZA_22","s0007_bukangara",2022-01-01,2022-01-01,"k13:446:I",0,166
"s0008a_MSMT_TZA_22","s0007_bukangara",2022-01-01,2022-01-01,"k13:449:A",0,166
"s0008a_MSMT_TZA_22","s0007_bukangara",2022-01-01,2022-01-01,"k13:458:Y",0,166
"s0008a_MSMT_TZA_22","s0007_bukangara",2022-01-01,2022-01-01,"k13:469:F",0,166
"s0008a_MSMT_TZA_22","s0007_bukangara",2022-01-01,2022-01-01,"k13:469:Y",0,166
"s0008a_MSMT_TZA_22","s0007_bukangara",2022-01-01,2022-01-01,"k13:476:I",0,174
"s0008a_MSMT_TZA_22","s0007_bukangara",2022-01-01,2022-01-01,"k13:481:T",0,162
"s0008a_MSMT_TZA_22","s0007_bukangara",2022-01-01,2022-01-01,"k13:481:V",0,162
"s0008a_MSMT_TZA_22","s0007_bukangara",2022-01-01,2022-01-01,"k13:493:H",0,162
"s0008a_MSMT_TZA_22","s0007_bukangara",2022-01-01,2022-01-01,"k13:515:K",0,162
"s0008a_MSMT_TZA_22","s0007_bukangara",2022-01-01,2022-01-01,"k13:527:H",0,175
"s0008a_MSMT_TZA_22","s0007_bukangara",2022-01-01,2022-01-01,"k13:537:D",0,175
"s0008a_MSMT_TZA_22","s0007_bukangara",2022-01-01,2022-01-01,"k13:537:I",0,175
"s0008a_MSMT_TZA_22","s0007_bukangara",2022-01-01,2022-01-01,"k13:538:V",0,175
"s0008a_MSMT_TZA_22","s0007_bukangara",2022-01-01,2022-01-01,"k13:539:T",0,175
"s0008a_MSMT_TZA_22","s0007_bukangara",2022-01-01,2022-01-01,"k13:543:T",0,175
"s0008a_MSMT_TZA_22","s0007_bukangara",2022-01-01,2022-01-01,"k13:553:L",0,169
"s0008a_MSMT_TZA_22","s0007_bukangara",2022-01-01,2022-01-01,"k13:561:H",37,169
"s0008a_MSMT_TZA_22","s0007_bukangara",2022-01-01,2022-01-01,"k13:568:G",0,169
"s0008a_MSMT_TZA_22","s0007_bukangara",2022-01-01,2022-01-01,"k13:574:L",0,169
"s0008a_MSMT_TZA_22","s0007_bukangara",2022-01-01,2022-01-01,"k13:580:Y",0,175
"s0008a_MSMT_TZA_22","s0007_bukangara",2022-01-01,2022-01-01,"k13:622:I",0,173
"s0008a_MSMT_TZA_22","s0007_bukangara",2022-01-01,2022-01-01,"k13:675:V",1,172
"s0008a_MSMT_TZA_22","s0007_bukangara",2022-01-01,2022-01-01,"mdr1:86:F",0,163
"s0008a_MSMT_TZA_22","s0007_bukangara",2022-01-01,2022-01-01,"mdr1:86:Y",0,163
"s0008a_MSMT_TZA_22","s0007_chivu",2022-01-01,2022-01-01,"crt:76:T",18,99
"s0008a_MSMT_TZA_22","s0007_chivu",2022-01-01,2022-01-01,"k13:441:L",0,93
"s0008a_MSMT_TZA_22","s0007_chivu",2022-01-01,2022-01-01,"k13:446:I",0,93
"s0008a_MSMT_TZA_22","s0007_chivu",2022-01-01,2022-01-01,"k13:449:A",0,93
"s0008a_MSMT_TZA_22","s0007_chivu",2022-01-01,2022-01-01,"k13:458:Y",0,93
"s0008a_MSMT_TZA_22","s0007_chivu",2022-01-01,2022-01-01,"k13:469:F",0,93
"s0008a_MSMT_TZA_22","s0007_chivu",2022-01-01,2022-01-01,"k13:469:Y",0,93
"s0008a_MSMT_TZA_22","s0007_chivu",2022-01-01,2022-01-01,"k13:476:I",0,98
"s0008a_MSMT_TZA_22","s0007_chivu",2022-01-01,2022-01-01,"k13:481:T",0,95
"s0008a_MSMT_TZA_22","s0007_chivu",2022-01-01,2022-01-01,"k13:481:V",0,95
"s0008a_MSMT_TZA_22","s0007_chivu",2022-01-01,2022-01-01,"k13:493:H",0,95
"s0008a_MSMT_TZA_22","s0007_chivu",2022-01-01,2022-01-01,"k13:515:K",0,95
"s0008a_MSMT_TZA_22","s0007_chivu",2022-01-01,2022-01-01,"k13:527:H",0,98
"s0008a_MSMT_TZA_22","s0007_chivu",2022-01-01,2022-01-01,"k13:537:D",0,98
"s0008a_MSMT_TZA_22","s0007_chivu",2022-01-01,2022-01-01,"k13:537:I",0,98
"s0008a_MSMT_TZA_22","s0007_chivu",2022-01-01,2022-01-01,"k13:538:V",0,98
"s0008a_MSMT_TZA_22","s0007_chivu",2022-01-01,2022-01-01,"k13:539:T",0,98
"s0008a_MSMT_TZA_22","s0007_chivu",2022-01-01,2022-01-01,"k13:543:T",0,98
"s0008a_MSMT_TZA_22","s0007_chivu",2022-01-01,2022-01-01,"k13:553:L",0,92
"s0008a_MSMT_TZA_22","s0007_chivu",2022-01-01,2022-01-01,"k13:561:H",1,92
"s0008a_MSMT_TZA_22","s0007_chivu",2022-01-01,2022-01-01,"k13:568:G",0,92
"s0008a_MSMT_TZA_22","s0007_chivu",2022-01-01,2022-01-01,"k13:574:L",2,92
"s0008a_MSMT_TZA_22","s0007_chivu",2022-01-01,2022-01-01,"k13:580:Y",0,102
"s0008a_MSMT_TZA_22","s0007_chivu",2022-01-01,2022-01-01,"k13:622:I",0,103
"s0008a_MSMT_TZA_22","s0007_chivu",2022-01-01,2022-01-01,"k13:675:V",0,101
"s0008a_MSMT_TZA_22","s0007_chivu",2022-01-01,2022-01-01,"mdr1:86:F",0,84
"s0008a_MSMT_TZA_22","s0007_chivu",2022-01-01,2022-01-01,"mdr1:86:Y",0,84
"s0008a_MSMT_TZA_22","s0007_nshamba",2022-01-01,2022-01-01,"crt:76:T",0,78
"s0008a_MSMT_TZA_22","s0007_nshamba",2022-01-01,2022-01-01,"k13:441:L",0,72
"s0008a_MSMT_TZA_22","s0007_nshamba",2022-01-01,2022-01-01,"k13:446:I",0,72
"s0008a_MSMT_TZA_22","s0007_nshamba",2022-01-01,2022-01-01,"k13:449:A",0,72
"s0008a_MSMT_TZA_22","s0007_nshamba",2022-01-01,2022-01-01,"k13:458:Y",0,72
"s0008a_MSMT_TZA_22","s0007_nshamba",2022-01-01,2022-01-01,"k13:469:F",0,72
"s0008a_MSMT_TZA_22","s0007_nshamba",2022-01-01,2022-01-01,"k13:469:Y",0,72
"s0008a_MSMT_TZA_22","s0007_nshamba",2022-01-01,2022-01-01,"k13:476:I",0,88
"s0008a_MSMT_TZA_22","s0007_nshamba",2022-01-01,2022-01-01,"k13:481:T",0,85
"s0008a_MSMT_TZA_22","s0007_nshamba",2022-01-01,2022-01-01,"k13:481:V",0,85
"s0008a_MSMT_TZA_22","s0007_nshamba",2022-01-01,2022-01-01,"k13:493:H",0,85
"s0008a_MSMT_TZA_22","s0007_nshamba",2022-01-01,2022-01-01,"k13:515:K",0,85
"s0008a_MSMT_TZA_22","s0007_nshamba",2022-01-01,2022-01-01,"k13:527:H",0,89
"s0008a_MSMT_TZA_22","s0007_nshamba",2022-01-01,2022-01-01,"k13:537:D",0,89
"s0008a_MSMT_TZA_22","s0007_nshamba",2022-01-01,2022-01-01,"k13:537:I",0,89
"s0008a_MSMT_TZA_22","s0007_nshamba",2022-01-01,2022-01-01,"k13:538:V",0,89
"s0008a_MSMT_TZA_22","s0007_nshamba",2022-01-01,2022-01-01,"k13:539:T",0,89
"s0008a_MSMT_TZA_22","s0007_nshamba",2022-01-01,2022-01-01,"k13:543:T",0,89
"s0008a_MSMT_TZA_22","s0007_nshamba",2022-01-01,2022-01-01,"k13:553:L",0,78
"s0008a_MSMT_TZA_22","s0007_nshamba",2022-01-01,2022-01-01,"k13:561:H",7,78
"s0008a_MSMT_TZA_22","s0007_nshamba",2022-01-01,2022-01-01,"k13:568:G",0,78
"s0008a_MSMT_TZA_22","s0007_nshamba",2022-01-01,2022-01-01,"k13:574:L",0,78
"s0008a_MSMT_TZA_22","s0007_nshamba",2022-01-01,2022-01-01,"k13:580:Y",0,91
"s0008a_MSMT_TZA_22","s0007_nshamba",2022-01-01,2022-01-01,"k13:622:I",0,91
"s0008a_MSMT_TZA_22","s0007_nshamba",2022-01-01,2022-01-01,"k13:675:V",0,91
"s0008a_MSMT_TZA_22","s0007_nshamba",2022-01-01,2022-01-01,"mdr1:86:F",0,69
"s0008a_MSMT_TZA_22","s0007_nshamba",2022-01-01,2022-01-01,"mdr1:86:Y",0,69
