sample_uid,site_uid,iso3c,site_study_type,lat_n,lon_e,date_start,date_end
GAAB092490-EPHI-622I-1,Abol,ETH,health_facility,8.1879,34.3989,2022,2022
GAAB092405-EPHI-622I-1,Abol,ETH,health_facility,8.1879,34.3989,2022,2022
GAAB092409-EPHI-622I-1,Abol,ETH,health_facility,8.1879,34.3989,2022,2022
GAAB092413-EPHI-622I-1,Abol,ETH,health_facility,8.1879,34.3989,2022,2022
GAAB092416-EPHI-622I-1,Abol,ETH,health_facility,8.1879,34.3989,2022,2022
GAAB092426-EPHI-622I-1,Abol,ETH,health_facility,8.1879,34.3989,2022,2022
GAAB092433-EPHI-622I-1,Abol,ETH,health_facility,8.1879,34.3989,2022,2022
GAAB092434-EPHI-622I-1,Abol,ETH,health_facility,8.1879,34.3989,2022,2022
GAAB092437-EPHI-622I-1,Abol,ETH,health_facility,8.1879,34.3989,2022,2022
GAAB092438-EPHI-622I-1,Abol,ETH,health_facility,8.1879,34.3989,2022,2022
GAAB092439-EPHI-622I-1,Abol,ETH,health_facility,8.1879,34.3989,2022,2022
GAAB092440-EPHI-622I-1,Abol,ETH,health_facility,8.1879,34.3989,2022,2022
GAAB092441-EPHI-622I-1,Abol,ETH,health_facility,8.1879,34.3989,2022,2022
GAAB092445-EPHI-622I-1,Abol,ETH,health_facility,8.1879,34.3989,2022,2022
GAAB092446-EPHI-622I-1,Abol,ETH,health_facility,8.1879,34.3989,2022,2022
GAAB092450-EPHI-622I-1,Abol,ETH,health_facility,8.1879,34.3989,2022,2022
GAAB092453-EPHI-622I-1,Abol,ETH,health_facility,8.1879,34.3989,2022,2022
GAAB092456-EPHI-622I-1,Abol,ETH,health_facility,8.1879,34.3989,2022,2022
GAAB092458-EPHI-622I-1,Abol,ETH,health_facility,8.1879,34.3989,2022,2022
GAAB092460-EPHI-622I-1,Abol,ETH,health_facility,8.1879,34.3989,2022,2022
GAAB092461-EPHI-622I-1,Abol,ETH,health_facility,8.1879,34.3989,2022,2022
GAAB092468-EPHI-622I-1,Abol,ETH,health_facility,8.1879,34.3989,2022,2022
GAAB092473-EPHI-622I-1,Abol,ETH,health_facility,8.1879,34.3989,2022,2022
GAAB092475-EPHI-622I-1,Abol,ETH,health_facility,8.1879,34.3989,2022,2022
GAAB092476-EPHI-622I-1,Abol,ETH,health_facility,8.1879,34.3989,2022,2022
GAAB092480-EPHI-622I-1,Abol,ETH,health_facility,8.1879,34.3989,2022,2022
GAAB092481-EPHI-622I-1,Abol,ETH,health_facility,8.1879,34.3989,2022,2022
GAAB092483-EPHI-622I-1,Abol,ETH,health_facility,8.1879,34.3989,2022,2022
GAAB092487-EPHI-622I-1,Abol,ETH,health_facility,8.1879,34.3989,2022,2022
GAAB092491-EPHI-622I-1,Abol,ETH,health_facility,8.1879,34.3989,2022,2022
GAAB092496-EPHI-622I-1,Abol,ETH,health_facility,8.1879,34.3989,2022,2022
GAAB092499-EPHI-622I-1,Abol,ETH,health_facility,8.1879,34.3989,2022,2022
GAAB092501-EPHI-622I-1,Abol,ETH,health_facility,8.1879,34.3989,2022,2022
GAAB092504-EPHI-622I-1,Abol,ETH,health_facility,8.1879,34.3989,2022,2022
GAAB092505-EPHI-622I-1,Abol,ETH,health_facility,8.1879,34.3989,2022,2022
GAAB092506-EPHI-622I-1,Abol,ETH,health_facility,8.1879,34.3989,2022,2022
GAAB092508-EPHI-622I-1,Abol,ETH,health_facility,8.1879,34.3989,2022,2022
GAAB092509-EPHI-622I-1,Abol,ETH,health_facility,8.1879,34.3989,2022,2022
GAAB092510-EPHI-622I-1,Abol,ETH,health_facility,8.1879,34.3989,2022,2022
GAAB092512-EPHI-622I-1,Abol,ETH,health_facility,8.1879,34.3989,2022,2022
GAAB092514-EPHI-622I-1,Abol,ETH,health_facility,8.1879,34.3989,2022,2022
GAAB092516-EPHI-622I-1,Abol,ETH,health_facility,8.1879,34.3989,2022,2022
GAAB092519-EPHI-622I-1,Abol,ETH,health_facility,8.1879,34.3989,2022,2022
GAAB092522-EPHI-622I-1,Abol,ETH,health_facility,8.1879,34.3989,2022,2022
GAAB092523-EPHI-622I-1,Abol,ETH,health_facility,8.1879,34.3989,2022,2022
GAAB092528-EPHI-622I-1,Abol,ETH,health_facility,8.1879,34.3989,2022,2022
GAAB092529-EPHI-622I-1,Abol,ETH,health_facility,8.1879,34.3989,2022,2022
GAAB092530-EPHI-622I-1,Abol,ETH,health_facility,8.1879,34.3989,2022,2022
GAAB092532-EPHI-622I-1,Abol,ETH,health_facility,8.1879,34.3989,2022,2022
GAAB092533-EPHI-622I-1,Abol,ETH,health_facility,8.1879,34.3989,2022,2022
GAAB092541-EPHI-622I-1,Abol,ETH,health_facility,8.1879,34.3989,2022,2022
GAAB092542-EPHI-622I-1,Abol,ETH,health_facility,8.1879,34.3989,2022,2022
GAAB092545-EPHI-622I-1,Abol,ETH,health_facility,8.1879,34.3989,2022,2022
GAAB092548-EPHI-622I-1,Abol,ETH,health_facility,8.1879,34.3989,2022,2022
GAAB092560-EPHI-622I-1,Abol,ETH,health_facility,8.1879,34.3989,2022,2022
GAAB092401-EPHI-622I-1,Abol,ETH,health_facility,8.1879,34.3989,2022,2022
GAAB092402-EPHI-622I-1,Abol,ETH,health_facility,8.1879,34.3989,2022,2022
GAAB092408-EPHI-622I-1,Abol,ETH,health_facility,8.1879,34.3989,2022,2022
GAAB092415-EPHI-622I-1,Abol,ETH,health_facility,8.1879,34.3989,2022,2022
GAAB092417-EPHI-622I-1,Abol,ETH,health_facility,8.1879,34.3989,2022,2022
GAAB092425-EPHI-622I-1,Abol,ETH,health_facility,8.1879,34.3989,2022,2022
GAAB092427-EPHI-622I-1,Abol,ETH,health_facility,8.1879,34.3989,2022,2022
GAAB092429-EPHI-622I-1,Abol,ETH,health_facility,8.1879,34.3989,2022,2022
GAAB092435-EPHI-622I-1,Abol,ETH,health_facility,8.1879,34.3989,2022,2022
GAAB092436-EPHI-622I-1,Abol,ETH,health_facility,8.1879,34.3989,2022,2022
GAAB092469-EPHI-622I-1,Abol,ETH,health_facility,8.1879,34.3989,2022,2022
GAAB092474-EPHI-622I-1,Abol,ETH,health_facility,8.1879,34.3989,2022,2022
GAAB092478-EPHI-622I-1,Abol,ETH,health_facility,8.1879,34.3989,2022,2022
GAAB092488-EPHI-622I-1,Abol,ETH,health_facility,8.1879,34.3989,2022,2022
GAAB092489-EPHI-622I-1,Abol,ETH,health_facility,8.1879,34.3989,2022,2022
GAAB092492-EPHI-622I-1,Abol,ETH,health_facility,8.1879,34.3989,2022,2022
GAAB092494-EPHI-622I-1,Abol,ETH,health_facility,8.1879,34.3989,2022,2022
GAAB092507-EPHI-622I-1,Abol,ETH,health_facility,8.1879,34.3989,2022,2022
GAAB092524-EPHI-622I-1,Abol,ETH,health_facility,8.1879,34.3989,2022,2022
GAAB092525-EPHI-622I-1,Abol,ETH,health_facility,8.1879,34.3989,2022,2022
GAAB092526-EPHI-622I-1,Abol,ETH,health_facility,8.1879,34.3989,2022,2022
GAAB092527-EPHI-622I-1,Abol,ETH,health_facility,8.1879,34.3989,2022,2022
GAAB092538-EPHI-622I-1,Abol,ETH,health_facility,8.1879,34.3989,2022,2022
GAAB092563-EPHI-622I-1,Abol,ETH,health_facility,8.1879,34.3989,2022,2022
GAAB092422-EPHI-622I-1,Abol,ETH,health_facility,8.1879,34.3989,2022,2022
GAAB092403-EPHI-622I-1,Abol,ETH,health_facility,8.1879,34.3989,2022,2022
GAAB092406-EPHI-622I-1,Abol,ETH,health_facility,8.1879,34.3989,2022,2022
GAAB092407-EPHI-622I-1,Abol,ETH,health_facility,8.1879,34.3989,2022,2022
GAAB092410-EPHI-622I-1,Abol,ETH,health_facility,8.1879,34.3989,2022,2022
GAAB092411-EPHI-622I-1,Abol,ETH,health_facility,8.1879,34.3989,2022,2022
GAAB092414-EPHI-622I-1,Abol,ETH,health_facility,8.1879,34.3989,2022,2022
GAAB092418-EPHI-622I-1,Abol,ETH,health_facility,8.1879,34.3989,2022,2022
GAAB092419-EPHI-622I-1,Abol,ETH,health_facility,8.1879,34.3989,2022,2022
GAAB092420-EPHI-622I-1,Abol,ETH,health_facility,8.1879,34.3989,2022,2022
GAAB092424-EPHI-622I-1,Abol,ETH,health_facility,8.1879,34.3989,2022,2022
GAAB092428-EPHI-622I-1,Abol,ETH,health_facility,8.1879,34.3989,2022,2022
GAAB092432-EPHI-622I-1,Abol,ETH,health_facility,8.1879,34.3989,2022,2022
GAAB092442-EPHI-622I-1,Abol,ETH,health_facility,8.1879,34.3989,2022,2022
GAAB092449-EPHI-622I-1,Abol,ETH,health_facility,8.1879,34.3989,2022,2022
GAAB092454-EPHI-622I-1,Abol,ETH,health_facility,8.1879,34.3989,2022,2022
GAAB092455-EPHI-622I-1,Abol,ETH,health_facility,8.1879,34.3989,2022,2022
GAAB092457-EPHI-622I-1,Abol,ETH,health_facility,8.1879,34.3989,2022,2022
GAAB092459-EPHI-622I-1,Abol,ETH,health_facility,8.1879,34.3989,2022,2022
GAAB092463-EPHI-622I-1,Abol,ETH,health_facility,8.1879,34.3989,2022,2022
GAAB092464-EPHI-622I-1,Abol,ETH,health_facility,8.1879,34.3989,2022,2022
GAAB092465-EPHI-622I-1,Abol,ETH,health_facility,8.1879,34.3989,2022,2022
GAAB092466-EPHI-622I-1,Abol,ETH,health_facility,8.1879,34.3989,2022,2022
GAAB092472-EPHI-622I-1,Abol,ETH,health_facility,8.1879,34.3989,2022,2022
GAAB092479-EPHI-622I-1,Abol,ETH,health_facility,8.1879,34.3989,2022,2022
GAAB092482-EPHI-622I-1,Abol,ETH,health_facility,8.1879,34.3989,2022,2022
GAAB092484-EPHI-622I-1,Abol,ETH,health_facility,8.1879,34.3989,2022,2022
GAAB092486-EPHI-622I-1,Abol,ETH,health_facility,8.1879,34.3989,2022,2022
GAAB092493-EPHI-622I-1,Abol,ETH,health_facility,8.1879,34.3989,2022,2022
GAAB092495-EPHI-622I-1,Abol,ETH,health_facility,8.1879,34.3989,2022,2022
GAAB092497-EPHI-622I-1,Abol,ETH,health_facility,8.1879,34.3989,2022,2022
GAAB092498-EPHI-622I-1,Abol,ETH,health_facility,8.1879,34.3989,2022,2022
GAAB092500-EPHI-622I-1,Abol,ETH,health_facility,8.1879,34.3989,2022,2022
GAAB092502-EPHI-622I-1,Abol,ETH,health_facility,8.1879,34.3989,2022,2022
GAAB092503-EPHI-622I-1,Abol,ETH,health_facility,8.1879,34.3989,2022,2022
GAAB092511-EPHI-622I-1,Abol,ETH,health_facility,8.1879,34.3989,2022,2022
GAAB092513-EPHI-622I-1,Abol,ETH,health_facility,8.1879,34.3989,2022,2022
GAAB092515-EPHI-622I-1,Abol,ETH,health_facility,8.1879,34.3989,2022,2022
GAAB092517-EPHI-622I-1,Abol,ETH,health_facility,8.1879,34.3989,2022,2022
GAAB092518-EPHI-622I-1,Abol,ETH,health_facility,8.1879,34.3989,2022,2022
GAAB092520-EPHI-622I-1,Abol,ETH,health_facility,8.1879,34.3989,2022,2022
GAAB092521-EPHI-622I-1,Abol,ETH,health_facility,8.1879,34.3989,2022,2022
GAAB092531-EPHI-622I-1,Abol,ETH,health_facility,8.1879,34.3989,2022,2022
GAAB092534-EPHI-622I-1,Abol,ETH,health_facility,8.1879,34.3989,2022,2022
GAAB092535-EPHI-622I-1,Abol,ETH,health_facility,8.1879,34.3989,2022,2022
GAAB092536-EPHI-622I-1,Abol,ETH,health_facility,8.1879,34.3989,2022,2022
GAAB092537-EPHI-622I-1,Abol,ETH,health_facility,8.1879,34.3989,2022,2022
GAAB092539-EPHI-622I-1,Abol,ETH,health_facility,8.1879,34.3989,2022,2022
GAAB092540-EPHI-622I-1,Abol,ETH,health_facility,8.1879,34.3989,2022,2022
GAAB092543-EPHI-622I-1,Abol,ETH,health_facility,8.1879,34.3989,2022,2022
GAAB092546-EPHI-622I-1,Abol,ETH,health_facility,8.1879,34.3989,2022,2022
GAAB092547-EPHI-622I-1,Abol,ETH,health_facility,8.1879,34.3989,2022,2022
GAAB092549-EPHI-622I-1,Abol,ETH,health_facility,8.1879,34.3989,2022,2022
GAAB092561-EPHI-622I-1,Abol,ETH,health_facility,8.1879,34.3989,2022,2022
GAAB092562-EPHI-622I-1,Abol,ETH,health_facility,8.1879,34.3989,2022,2022
GAAB092564-EPHI-622I-1,Abol,ETH,health_facility,8.1879,34.3989,2022,2022
GAAB092404-EPHI-622I-1,Abol,ETH,health_facility,8.1879,34.3989,2022,2022
GAAB092430-EPHI-622I-1,Abol,ETH,health_facility,8.1879,34.3989,2022,2022
GAAB092431-EPHI-622I-1,Abol,ETH,health_facility,8.1879,34.3989,2022,2022
GAAB092452-EPHI-622I-1,Abol,ETH,health_facility,8.1879,34.3989,2022,2022
GAAB092467-EPHI-622I-1,Abol,ETH,health_facility,8.1879,34.3989,2022,2022
GAAB092470-EPHI-622I-1,Abol,ETH,health_facility,8.1879,34.3989,2022,2022
GAAB092471-EPHI-622I-1,Abol,ETH,health_facility,8.1879,34.3989,2022,2022
GAAB092485-EPHI-622I-1,Abol,ETH,health_facility,8.1879,34.3989,2022,2022
GAAB092544-EPHI-622I-1,Abol,ETH,health_facility,8.1879,34.3989,2022,2022
GAAB092421-EPHI-622I-1,Abol,ETH,health_facility,8.1879,34.3989,2022,2022
AMAN030907-EPHI-622I-1,Andansa,ETH,health_facility,11.50241,37.48655,2022,2022
AMAN030917-EPHI-622I-1,Andansa,ETH,health_facility,11.50241,37.48655,2022,2022
AMAN030919-EPHI-622I-1,Andansa,ETH,health_facility,11.50241,37.48655,2022,2022
AMAN030952-EPHI-622I-1,Andansa,ETH,health_facility,11.50241,37.48655,2022,2022
AMAN030963-EPHI-622I-1,Andansa,ETH,health_facility,11.50241,37.48655,2022,2022
AMAN030966-EPHI-622I-1,Andansa,ETH,health_facility,11.50241,37.48655,2022,2022
AMAN030973-EPHI-622I-1,Andansa,ETH,health_facility,11.50241,37.48655,2022,2022
AMAN030975-EPHI-622I-1,Andansa,ETH,health_facility,11.50241,37.48655,2022,2022
AMAN030976-EPHI-622I-1,Andansa,ETH,health_facility,11.50241,37.48655,2022,2022
AMAN030978-EPHI-622I-1,Andansa,ETH,health_facility,11.50241,37.48655,2022,2022
AMAN030987-EPHI-622I-1,Andansa,ETH,health_facility,11.50241,37.48655,2022,2022
AMAN031000-EPHI-622I-1,Andansa,ETH,health_facility,11.50241,37.48655,2022,2022
AMAN031002-EPHI-622I-1,Andansa,ETH,health_facility,11.50241,37.48655,2022,2022
AMAN031017-EPHI-622I-1,Andansa,ETH,health_facility,11.50241,37.48655,2022,2022
AMAN031022-EPHI-622I-1,Andansa,ETH,health_facility,11.50241,37.48655,2022,2022
AMAN031023-EPHI-622I-1,Andansa,ETH,health_facility,11.50241,37.48655,2022,2022
AMAN031027-EPHI-622I-1,Andansa,ETH,health_facility,11.50241,37.48655,2023,2023
AMAN030904-EPHI-622I-1,Andansa,ETH,health_facility,11.50241,37.48655,2022,2022
AMAN030947-EPHI-622I-1,Andansa,ETH,health_facility,11.50241,37.48655,2022,2022
AMAN030951-EPHI-622I-1,Andansa,ETH,health_facility,11.50241,37.48655,2022,2022
AMAN030989-EPHI-622I-1,Andansa,ETH,health_facility,11.50241,37.48655,2022,2022
AMAN031024-EPHI-622I-1,Andansa,ETH,health_facility,11.50241,37.48655,2023,2023
AMAN030939-EPHI-622I-1,Andansa,ETH,health_facility,11.50241,37.48655,2022,2022
AMAN030994-EPHI-622I-1,Andansa,ETH,health_facility,11.50241,37.48655,2022,2022
AMAN031009-EPHI-622I-1,Andansa,ETH,health_facility,11.50241,37.48655,2022,2022
AMAN030902-EPHI-622I-1,Andansa,ETH,health_facility,11.50241,37.48655,2022,2022
AMAN030903-EPHI-622I-1,Andansa,ETH,health_facility,11.50241,37.48655,2022,2022
AMAN030905-EPHI-622I-1,Andansa,ETH,health_facility,11.50241,37.48655,2022,2022
AMAN030906-EPHI-622I-1,Andansa,ETH,health_facility,11.50241,37.48655,2022,2022
AMAN030908-EPHI-622I-1,Andansa,ETH,health_facility,11.50241,37.48655,2022,2022
AMAN030909-EPHI-622I-1,Andansa,ETH,health_facility,11.50241,37.48655,2022,2022
AMAN030910-EPHI-622I-1,Andansa,ETH,health_facility,11.50241,37.48655,2022,2022
AMAN030911-EPHI-622I-1,Andansa,ETH,health_facility,11.50241,37.48655,2022,2022
AMAN030912-EPHI-622I-1,Andansa,ETH,health_facility,11.50241,37.48655,2022,2022
AMAN030913-EPHI-622I-1,Andansa,ETH,health_facility,11.50241,37.48655,2022,2022
AMAN030914-EPHI-622I-1,Andansa,ETH,health_facility,11.50241,37.48655,2022,2022
AMAN030915-EPHI-622I-1,Andansa,ETH,health_facility,11.50241,37.48655,2022,2022
AMAN030916-EPHI-622I-1,Andansa,ETH,health_facility,11.50241,37.48655,2022,2022
AMAN030918-EPHI-622I-1,Andansa,ETH,health_facility,11.50241,37.48655,2022,2022
AMAN030920-EPHI-622I-1,Andansa,ETH,health_facility,11.50241,37.48655,2022,2022
AMAN030921-EPHI-622I-1,Andansa,ETH,health_facility,11.50241,37.48655,2022,2022
AMAN030922-EPHI-622I-1,Andansa,ETH,health_facility,11.50241,37.48655,2022,2022
AMAN030923-EPHI-622I-1,Andansa,ETH,health_facility,11.50241,37.48655,2022,2022
AMAN030924-EPHI-622I-1,Andansa,ETH,health_facility,11.50241,37.48655,2022,2022
AMAN030925-EPHI-622I-1,Andansa,ETH,health_facility,11.50241,37.48655,2022,2022
AMAN030926-EPHI-622I-1,Andansa,ETH,health_facility,11.50241,37.48655,2022,2022
AMAN030927-EPHI-622I-1,Andansa,ETH,health_facility,11.50241,37.48655,2022,2022
AMAN030928-EPHI-622I-1,Andansa,ETH,health_facility,11.50241,37.48655,2022,2022
AMAN030929-EPHI-622I-1,Andansa,ETH,health_facility,11.50241,37.48655,2022,2022
AMAN030930-EPHI-622I-1,Andansa,ETH,health_facility,11.50241,37.48655,2022,2022
AMAN030931-EPHI-622I-1,Andansa,ETH,health_facility,11.50241,37.48655,2022,2022
AMAN030932-EPHI-622I-1,Andansa,ETH,health_facility,11.50241,37.48655,2022,2022
AMAN030933-EPHI-622I-1,Andansa,ETH,health_facility,11.50241,37.48655,2022,2022
AMAN030934-EPHI-622I-1,Andansa,ETH,health_facility,11.50241,37.48655,2022,2022
AMAN030935-EPHI-622I-1,Andansa,ETH,health_facility,11.50241,37.48655,2022,2022
AMAN030936-EPHI-622I-1,Andansa,ETH,health_facility,11.50241,37.48655,2022,2022
AMAN030937-EPHI-622I-1,Andansa,ETH,health_facility,11.50241,37.48655,2022,2022
AMAN030938-EPHI-622I-1,Andansa,ETH,health_facility,11.50241,37.48655,2022,2022
AMAN030940-EPHI-622I-1,Andansa,ETH,health_facility,11.50241,37.48655,2022,2022
AMAN030941-EPHI-622I-1,Andansa,ETH,health_facility,11.50241,37.48655,2022,2022
AMAN030942-EPHI-622I-1,Andansa,ETH,health_facility,11.50241,37.48655,2022,2022
AMAN030943-EPHI-622I-1,Andansa,ETH,health_facility,11.50241,37.48655,2022,2022
AMAN030944-EPHI-622I-1,Andansa,ETH,health_facility,11.50241,37.48655,2022,2022
AMAN030945-EPHI-622I-1,Andansa,ETH,health_facility,11.50241,37.48655,2022,2022
AMAN030946-EPHI-622I-1,Andansa,ETH,health_facility,11.50241,37.48655,2022,2022
AMAN030948-EPHI-622I-1,Andansa,ETH,health_facility,11.50241,37.48655,2022,2022
AMAN030949-EPHI-622I-1,Andansa,ETH,health_facility,11.50241,37.48655,2022,2022
AMAN030950-EPHI-622I-1,Andansa,ETH,health_facility,11.50241,37.48655,2022,2022
AMAN030953-EPHI-622I-1,Andansa,ETH,health_facility,11.50241,37.48655,2022,2022
AMAN030954-EPHI-622I-1,Andansa,ETH,health_facility,11.50241,37.48655,2022,2022
AMAN030955-EPHI-622I-1,Andansa,ETH,health_facility,11.50241,37.48655,2022,2022
AMAN030956-EPHI-622I-1,Andansa,ETH,health_facility,11.50241,37.48655,2022,2022
AMAN030957-EPHI-622I-1,Andansa,ETH,health_facility,11.50241,37.48655,2022,2022
AMAN030958-EPHI-622I-1,Andansa,ETH,health_facility,11.50241,37.48655,2022,2022
AMAN030959-EPHI-622I-1,Andansa,ETH,health_facility,11.50241,37.48655,2022,2022
AMAN030960-EPHI-622I-1,Andansa,ETH,health_facility,11.50241,37.48655,2022,2022
AMAN030961-EPHI-622I-1,Andansa,ETH,health_facility,11.50241,37.48655,2022,2022
AMAN030962-EPHI-622I-1,Andansa,ETH,health_facility,11.50241,37.48655,2022,2022
AMAN030964-EPHI-622I-1,Andansa,ETH,health_facility,11.50241,37.48655,2022,2022
AMAN030965-EPHI-622I-1,Andansa,ETH,health_facility,11.50241,37.48655,2022,2022
AMAN030967-EPHI-622I-1,Andansa,ETH,health_facility,11.50241,37.48655,2022,2022
AMAN030968-EPHI-622I-1,Andansa,ETH,health_facility,11.50241,37.48655,2022,2022
AMAN030969-EPHI-622I-1,Andansa,ETH,health_facility,11.50241,37.48655,2022,2022
AMAN030970-EPHI-622I-1,Andansa,ETH,health_facility,11.50241,37.48655,2022,2022
AMAN030971-EPHI-622I-1,Andansa,ETH,health_facility,11.50241,37.48655,2022,2022
AMAN030972-EPHI-622I-1,Andansa,ETH,health_facility,11.50241,37.48655,2022,2022
AMAN030974-EPHI-622I-1,Andansa,ETH,health_facility,11.50241,37.48655,2022,2022
AMAN030977-EPHI-622I-1,Andansa,ETH,health_facility,11.50241,37.48655,2022,2022
AMAN030979-EPHI-622I-1,Andansa,ETH,health_facility,11.50241,37.48655,2022,2022
AMAN030980-EPHI-622I-1,Andansa,ETH,health_facility,11.50241,37.48655,2022,2022
AMAN030981-EPHI-622I-1,Andansa,ETH,health_facility,11.50241,37.48655,2022,2022
AMAN030982-EPHI-622I-1,Andansa,ETH,health_facility,11.50241,37.48655,2022,2022
AMAN030983-EPHI-622I-1,Andansa,ETH,health_facility,11.50241,37.48655,2022,2022
AMAN030985-EPHI-622I-1,Andansa,ETH,health_facility,11.50241,37.48655,2022,2022
AMAN030988-EPHI-622I-1,Andansa,ETH,health_facility,11.50241,37.48655,2022,2022
AMAN030990-EPHI-622I-1,Andansa,ETH,health_facility,11.50241,37.48655,2022,2022
AMAN030991-EPHI-622I-1,Andansa,ETH,health_facility,11.50241,37.48655,2022,2022
AMAN030993-EPHI-622I-1,Andansa,ETH,health_facility,11.50241,37.48655,2022,2022
AMAN030996-EPHI-622I-1,Andansa,ETH,health_facility,11.50241,37.48655,2022,2022
AMAN030997-EPHI-622I-1,Andansa,ETH,health_facility,11.50241,37.48655,2022,2022
AMAN030998-EPHI-622I-1,Andansa,ETH,health_facility,11.50241,37.48655,2022,2022
AMAN030999-EPHI-622I-1,Andansa,ETH,health_facility,11.50241,37.48655,2022,2022
AMAN031001-EPHI-622I-1,Andansa,ETH,health_facility,11.50241,37.48655,2022,2022
AMAN031003-EPHI-622I-1,Andansa,ETH,health_facility,11.50241,37.48655,2022,2022
AMAN031004-EPHI-622I-1,Andansa,ETH,health_facility,11.50241,37.48655,2022,2022
AMAN031005-EPHI-622I-1,Andansa,ETH,health_facility,11.50241,37.48655,2022,2022
AMAN031006-EPHI-622I-1,Andansa,ETH,health_facility,11.50241,37.48655,2022,2022
AMAN031007-EPHI-622I-1,Andansa,ETH,health_facility,11.50241,37.48655,2022,2022
AMAN031008-EPHI-622I-1,Andansa,ETH,health_facility,11.50241,37.48655,2022,2022
AMAN031010-EPHI-622I-1,Andansa,ETH,health_facility,11.50241,37.48655,2022,2022
AMAN031011-EPHI-622I-1,Andansa,ETH,health_facility,11.50241,37.48655,2022,2022
AMAN031012-EPHI-622I-1,Andansa,ETH,health_facility,11.50241,37.48655,2022,2022
AMAN031013-EPHI-622I-1,Andansa,ETH,health_facility,11.50241,37.48655,2022,2022
AMAN031014-EPHI-622I-1,Andansa,ETH,health_facility,11.50241,37.48655,2022,2022
AMAN031015-EPHI-622I-1,Andansa,ETH,health_facility,11.50241,37.48655,2022,2022
AMAN031018-EPHI-622I-1,Andansa,ETH,health_facility,11.50241,37.48655,2022,2022
AMAN031019-EPHI-622I-1,Andansa,ETH,health_facility,11.50241,37.48655,2022,2022
AMAN031020-EPHI-622I-1,Andansa,ETH,health_facility,11.50241,37.48655,2022,2022
AMAN031021-EPHI-622I-1,Andansa,ETH,health_facility,11.50241,37.48655,2022,2022
AMAN031025-EPHI-622I-1,Andansa,ETH,health_facility,11.50241,37.48655,2023,2023
AMAN031026-EPHI-622I-1,Andansa,ETH,health_facility,11.50241,37.48655,2023,2023
AMAN030984-EPHI-622I-1,Andansa,ETH,health_facility,11.50241,37.48655,2022,2022
AMAN031016-EPHI-622I-1,Andansa,ETH,health_facility,11.50241,37.48655,2022,2022
AMAN030992-EPHI-622I-1,Andansa,ETH,health_facility,11.50241,37.48655,2022,2022
ORAS040001-EPHI-622I-1,Asendabo,ETH,health_facility,7.75904,37.22329,2022,2022
ORAS040002-EPHI-622I-1,Asendabo,ETH,health_facility,7.75904,37.22329,2022,2022
ORAS040003-EPHI-622I-1,Asendabo,ETH,health_facility,7.75904,37.22329,2022,2022
ORAS040004-EPHI-622I-1,Asendabo,ETH,health_facility,7.75904,37.22329,2022,2022
ORAS040006-EPHI-622I-1,Asendabo,ETH,health_facility,7.75904,37.22329,2022,2022
ORAS040007-EPHI-622I-1,Asendabo,ETH,health_facility,7.75904,37.22329,2022,2022
ORAS040010-EPHI-622I-1,Asendabo,ETH,health_facility,7.75904,37.22329,2022,2022
ORAS040011-EPHI-622I-1,Asendabo,ETH,health_facility,7.75904,37.22329,2022,2022
ORAS040013-EPHI-622I-1,Asendabo,ETH,health_facility,7.75904,37.22329,2022,2022
ORAS040014-EPHI-622I-1,Asendabo,ETH,health_facility,7.75904,37.22329,2022,2022
ORAS040015-EPHI-622I-1,Asendabo,ETH,health_facility,7.75904,37.22329,2022,2022
ORAS040016-EPHI-622I-1,Asendabo,ETH,health_facility,7.75904,37.22329,2022,2022
ORAS040017-EPHI-622I-1,Asendabo,ETH,health_facility,7.75904,37.22329,2022,2022
ORAS040018-EPHI-622I-1,Asendabo,ETH,health_facility,7.75904,37.22329,2022,2022
ORAS040019-EPHI-622I-1,Asendabo,ETH,health_facility,7.75904,37.22329,2022,2022
ORAS040020-EPHI-622I-1,Asendabo,ETH,health_facility,7.75904,37.22329,2022,2022
ORAS040021-EPHI-622I-1,Asendabo,ETH,health_facility,7.75904,37.22329,2022,2022
ORAS040022-EPHI-622I-1,Asendabo,ETH,health_facility,7.75904,37.22329,2022,2022
ORAS040023-EPHI-622I-1,Asendabo,ETH,health_facility,7.75904,37.22329,2022,2022
ORAS040026-EPHI-622I-1,Asendabo,ETH,health_facility,7.75904,37.22329,2022,2022
ORAS040027-EPHI-622I-1,Asendabo,ETH,health_facility,7.75904,37.22329,2022,2022
ORAS040028-EPHI-622I-1,Asendabo,ETH,health_facility,7.75904,37.22329,2022,2022
ORAS040029-EPHI-622I-1,Asendabo,ETH,health_facility,7.75904,37.22329,2022,2022
ORAS040031-EPHI-622I-1,Asendabo,ETH,health_facility,7.75904,37.22329,2022,2022
ORAS040032-EPHI-622I-1,Asendabo,ETH,health_facility,7.75904,37.22329,2022,2022
ORAS040030-EPHI-622I-1,Asendabo,ETH,health_facility,7.75904,37.22329,2022,2022
ORAS040005-EPHI-622I-1,Asendabo,ETH,health_facility,7.75904,37.22329,2022,2022
ORAS040008-EPHI-622I-1,Asendabo,ETH,health_facility,7.75904,37.22329,2022,2022
ORAS040012-EPHI-622I-1,Asendabo,ETH,health_facility,7.75904,37.22329,2022,2022
ORAS040009-EPHI-622I-1,Asendabo,ETH,health_facility,7.75904,37.22329,2022,2022
ORAS040024-EPHI-622I-1,Asendabo,ETH,health_facility,7.75904,37.22329,2022,2022
ORAS040025-EPHI-622I-1,Asendabo,ETH,health_facility,7.75904,37.22329,2022,2022
ORBA040315-EPHI-622I-1,Batu,ETH,health_facility,7.93833,38.71916,2022,2022
ORBA040336-EPHI-622I-1,Batu,ETH,health_facility,7.93833,38.71916,2023,2023
ORBA040301-EPHI-622I-1,Batu,ETH,health_facility,7.93833,38.71916,2022,2022
ORBA040302-EPHI-622I-1,Batu,ETH,health_facility,7.93833,38.71916,2022,2022
ORBA040303-EPHI-622I-1,Batu,ETH,health_facility,7.93833,38.71916,2022,2022
ORBA040304-EPHI-622I-1,Batu,ETH,health_facility,7.93833,38.71916,2022,2022
ORBA040305-EPHI-622I-1,Batu,ETH,health_facility,7.93833,38.71916,2022,2022
ORBA040306-EPHI-622I-1,Batu,ETH,health_facility,7.93833,38.71916,2022,2022
ORBA040307-EPHI-622I-1,Batu,ETH,health_facility,7.93833,38.71916,2022,2022
ORBA040308-EPHI-622I-1,Batu,ETH,health_facility,7.93833,38.71916,2022,2022
ORBA040309-EPHI-622I-1,Batu,ETH,health_facility,7.93833,38.71916,2022,2022
ORBA040310-EPHI-622I-1,Batu,ETH,health_facility,7.93833,38.71916,2022,2022
ORBA040311-EPHI-622I-1,Batu,ETH,health_facility,7.93833,38.71916,2022,2022
ORBA040312-EPHI-622I-1,Batu,ETH,health_facility,7.93833,38.71916,2022,2022
ORBA040313-EPHI-622I-1,Batu,ETH,health_facility,7.93833,38.71916,2022,2022
ORBA040314-EPHI-622I-1,Batu,ETH,health_facility,7.93833,38.71916,2022,2022
ORBA040316-EPHI-622I-1,Batu,ETH,health_facility,7.93833,38.71916,2022,2022
ORBA040317-EPHI-622I-1,Batu,ETH,health_facility,7.93833,38.71916,2022,2022
ORBA040319-EPHI-622I-1,Batu,ETH,health_facility,7.93833,38.71916,2022,2022
ORBA040322-EPHI-622I-1,Batu,ETH,health_facility,7.93833,38.71916,2022,2022
ORBA040323-EPHI-622I-1,Batu,ETH,health_facility,7.93833,38.71916,2022,2022
ORBA040324-EPHI-622I-1,Batu,ETH,health_facility,7.93833,38.71916,2022,2022
ORBA040326-EPHI-622I-1,Batu,ETH,health_facility,7.93833,38.71916,2022,2022
ORBA040327-EPHI-622I-1,Batu,ETH,health_facility,7.93833,38.71916,2022,2022
ORBA040330-EPHI-622I-1,Batu,ETH,health_facility,7.93833,38.71916,2022,2022
ORBA040331-EPHI-622I-1,Batu,ETH,health_facility,7.93833,38.71916,2023,2023
ORBA040332-EPHI-622I-1,Batu,ETH,health_facility,7.93833,38.71916,2023,2023
ORBA040333-EPHI-622I-1,Batu,ETH,health_facility,7.93833,38.71916,2023,2023
ORBA040334-EPHI-622I-1,Batu,ETH,health_facility,7.93833,38.71916,2023,2023
ORBA040337-EPHI-622I-1,Batu,ETH,health_facility,7.93833,38.71916,2023,2023
ORBA040338-EPHI-622I-1,Batu,ETH,health_facility,7.93833,38.71916,2023,2023
ORBA040320-EPHI-622I-1,Batu,ETH,health_facility,7.93833,38.71916,2022,2022
ORBA040321-EPHI-622I-1,Batu,ETH,health_facility,6.4007,38.3111,2022,2022
ORBA040325-EPHI-622I-1,Batu,ETH,health_facility,6.4007,38.3111,2022,2022
ORBA040328-EPHI-622I-1,Batu,ETH,health_facility,6.4007,38.3111,2022,2022
ORBA040339-EPHI-622I-1,Batu,ETH,health_facility,6.4007,38.3111,2023,2023
SNDI071804-EPHI-622I-1,Dilla,ETH,health_facility,6.4007,38.3111,2022,2022
SNDI071805-EPHI-622I-1,Dilla,ETH,health_facility,6.4007,38.3111,2022,2022
SOER052726-EPHI-622I-1,Erer,ETH,health_facility,9.5614,41.3833,2022,2022
SOER052733-EPHI-622I-1,Erer,ETH,health_facility,9.5614,41.3833,2022,2022
SOER052708-EPHI-622I-1,Erer,ETH,health_facility,9.5614,41.3833,2022,2022
SOER052710-EPHI-622I-1,Erer,ETH,health_facility,9.5614,41.3833,2022,2022
SOER052711-EPHI-622I-1,Erer,ETH,health_facility,9.5614,41.3833,2022,2022
SOER052712-EPHI-622I-1,Erer,ETH,health_facility,9.5614,41.3833,2022,2022
SOER052713-EPHI-622I-1,Erer,ETH,health_facility,9.5614,41.3833,2022,2022
SOER052714-EPHI-622I-1,Erer,ETH,health_facility,9.5614,41.3833,2022,2022
SOER052716-EPHI-622I-1,Erer,ETH,health_facility,9.5614,41.3833,2022,2022
SOER052718-EPHI-622I-1,Erer,ETH,health_facility,9.5614,41.3833,2022,2022
SOER052725-EPHI-622I-1,Erer,ETH,health_facility,9.5614,41.3833,2022,2022
SOER052727-EPHI-622I-1,Erer,ETH,health_facility,9.5614,41.3833,2022,2022
SOER052732-EPHI-622I-1,Erer,ETH,health_facility,9.5614,41.3833,2022,2022
SOER052735-EPHI-622I-1,Erer,ETH,health_facility,9.5614,41.3833,2022,2022
SOER052742-EPHI-622I-1,Erer,ETH,health_facility,9.5614,41.3833,2022,2022
SOER052743-EPHI-622I-1,Erer,ETH,health_facility,9.5614,41.3833,2022,2022
SOER052744-EPHI-622I-1,Erer,ETH,health_facility,9.5614,41.3833,2022,2022
SOER052745-EPHI-622I-1,Erer,ETH,health_facility,9.5614,41.3833,2022,2022
SOER052756-EPHI-622I-1,Erer,ETH,health_facility,9.5614,41.3833,2022,2022
SOER052757-EPHI-622I-1,Erer,ETH,health_facility,9.5614,41.3833,2022,2022
SOER052758-EPHI-622I-1,Erer,ETH,health_facility,9.5614,41.3833,2022,2022
SOER052763-EPHI-622I-1,Erer,ETH,health_facility,9.5614,41.3833,2022,2022
SOER052766-EPHI-622I-1,Erer,ETH,health_facility,9.5614,41.3833,2022,2022
SOER052766-EPHI-622I-1,Erer,ETH,health_facility,9.5614,41.3833,2022,2022
SOER052775-EPHI-622I-1,Erer,ETH,health_facility,9.5614,41.3833,2022,2022
SOER052703-EPHI-622I-1,Erer,ETH,health_facility,9.5614,41.3833,2022,2022
SOER052704-EPHI-622I-1,Erer,ETH,health_facility,9.5614,41.3833,2022,2022
SOER052717-EPHI-622I-1,Erer,ETH,health_facility,9.5614,41.3833,2022,2022
SOER052739-EPHI-622I-1,Erer,ETH,health_facility,9.5614,41.3833,2022,2022
SOER052755-EPHI-622I-1,Erer,ETH,health_facility,9.5614,41.3833,2022,2022
SOER052762-EPHI-622I-1,Erer,ETH,health_facility,9.5614,41.3833,2022,2022
SOER052770-EPHI-622I-1,Erer,ETH,health_facility,9.5614,41.3833,2022,2022
SOER052773-EPHI-622I-1,Erer,ETH,health_facility,9.5614,41.3833,2022,2022
SOER052778-EPHI-622I-1,Erer,ETH,health_facility,9.5614,41.3833,2022,2022
SOER052796-EPHI-622I-1,Erer,ETH,health_facility,9.5614,41.3833,2023,2023
SOER052797-EPHI-622I-1,Erer,ETH,health_facility,9.5614,41.3833,2023,2023
SOER052799-EPHI-622I-1,Erer,ETH,health_facility,9.5614,41.3833,2023,2023
SOER052705-EPHI-622I-1,Erer,ETH,health_facility,9.5614,41.3833,2022,2022
SOER052719-EPHI-622I-1,Erer,ETH,health_facility,9.5614,41.3833,2022,2022
SOER052720-EPHI-622I-1,Erer,ETH,health_facility,9.5614,41.3833,2022,2022
SOER052728-EPHI-622I-1,Erer,ETH,health_facility,9.5614,41.3833,2022,2022
SOER052730-EPHI-622I-1,Erer,ETH,health_facility,9.5614,41.3833,2022,2022
SOER052731-EPHI-622I-1,Erer,ETH,health_facility,9.5614,41.3833,2022,2022
SOER052734-EPHI-622I-1,Erer,ETH,health_facility,9.5614,41.3833,2022,2022
SOER052736-EPHI-622I-1,Erer,ETH,health_facility,9.5614,41.3833,2022,2022
SOER052740-EPHI-622I-1,Erer,ETH,health_facility,9.5614,41.3833,2022,2022
SOER052749-EPHI-622I-1,Erer,ETH,health_facility,9.5614,41.3833,2022,2022
SOER052751-EPHI-622I-1,Erer,ETH,health_facility,9.5614,41.3833,2022,2022
SOER052759-EPHI-622I-1,Erer,ETH,health_facility,9.5614,41.3833,2022,2022
SOER052760-EPHI-622I-1,Erer,ETH,health_facility,9.5614,41.3833,2022,2022
SOER052761-EPHI-622I-1,Erer,ETH,health_facility,9.5614,41.3833,2022,2022
SOER052765-EPHI-622I-1,Erer,ETH,health_facility,9.5614,41.3833,2022,2022
SOER052771-EPHI-622I-1,Erer,ETH,health_facility,9.5614,41.3833,2022,2022
SOER052774-EPHI-622I-1,Erer,ETH,health_facility,9.5614,41.3833,2022,2022
SOER052776-EPHI-622I-1,Erer,ETH,health_facility,9.5614,41.3833,2022,2022
SOER052782-EPHI-622I-1,Erer,ETH,health_facility,9.5614,41.3833,2022,2022
SOER052787-EPHI-622I-1,Erer,ETH,health_facility,9.5614,41.3833,2023,2023
SOER052788-EPHI-622I-1,Erer,ETH,health_facility,9.5614,41.3833,2023,2023
SOER052793-EPHI-622I-1,Erer,ETH,health_facility,9.5614,41.3833,2023,2023
SOER052746-EPHI-622I-1,Erer,ETH,health_facility,9.5614,41.3833,2022,2022
SOER052754-EPHI-622I-1,Erer,ETH,health_facility,9.5614,41.3833,2022,2022
AMJI031213-EPHI-622I-1,Jiga,ETH,health_facility,10.67261,37.70038,2022,2022
AMJI031335-EPHI-622I-1,Jiga,ETH,health_facility,10.67261,37.70038,2022,2022
AMJI031207-EPHI-622I-1,Jiga,ETH,health_facility,10.67261,37.70038,2022,2022
AMJI031208-EPHI-622I-1,Jiga,ETH,health_facility,10.67261,37.70038,2022,2022
AMJI031211-EPHI-622I-1,Jiga,ETH,health_facility,10.67261,37.70038,2022,2022
AMJI031214-EPHI-622I-1,Jiga,ETH,health_facility,10.67261,37.70038,2022,2022
AMJI031220-EPHI-622I-1,Jiga,ETH,health_facility,10.67261,37.70038,2022,2022
AMJI031221-EPHI-622I-1,Jiga,ETH,health_facility,10.67261,37.70038,2022,2022
AMJI031222-EPHI-622I-1,Jiga,ETH,health_facility,10.67261,37.70038,2022,2022
AMJI031223-EPHI-622I-1,Jiga,ETH,health_facility,10.67261,37.70038,2022,2022
AMJI031224-EPHI-622I-1,Jiga,ETH,health_facility,10.67261,37.70038,2022,2022
AMJI031225-EPHI-622I-1,Jiga,ETH,health_facility,10.67261,37.70038,2022,2022
AMJI031228-EPHI-622I-1,Jiga,ETH,health_facility,10.67261,37.70038,2022,2022
AMJI031232-EPHI-622I-1,Jiga,ETH,health_facility,10.67261,37.70038,2022,2022
AMJI031235-EPHI-622I-1,Jiga,ETH,health_facility,10.67261,37.70038,2022,2022
AMJI031239-EPHI-622I-1,Jiga,ETH,health_facility,10.67261,37.70038,2022,2022
AMJI031240-EPHI-622I-1,Jiga,ETH,health_facility,10.67261,37.70038,2022,2022
AMJI031242-EPHI-622I-1,Jiga,ETH,health_facility,10.67261,37.70038,2022,2022
AMJI031246-EPHI-622I-1,Jiga,ETH,health_facility,10.67261,37.70038,2022,2022
AMJI031254-EPHI-622I-1,Jiga,ETH,health_facility,10.67261,37.70038,2022,2022
AMJI031255-EPHI-622I-1,Jiga,ETH,health_facility,10.67261,37.70038,2022,2022
AMJI031257-EPHI-622I-1,Jiga,ETH,health_facility,10.67261,37.70038,2022,2022
AMJI031258-EPHI-622I-1,Jiga,ETH,health_facility,10.67261,37.70038,2022,2022
AMJI031262-EPHI-622I-1,Jiga,ETH,health_facility,10.67261,37.70038,2022,2022
AMJI031266-EPHI-622I-1,Jiga,ETH,health_facility,10.67261,37.70038,2022,2022
AMJI031267-EPHI-622I-1,Jiga,ETH,health_facility,10.67261,37.70038,2022,2022
AMJI031270-EPHI-622I-1,Jiga,ETH,health_facility,10.67261,37.70038,2022,2022
AMJI031272-EPHI-622I-1,Jiga,ETH,health_facility,10.67261,37.70038,2022,2022
AMJI031273-EPHI-622I-1,Jiga,ETH,health_facility,10.67261,37.70038,2022,2022
AMJI031277-EPHI-622I-1,Jiga,ETH,health_facility,10.67261,37.70038,2022,2022
AMJI031278-EPHI-622I-1,Jiga,ETH,health_facility,10.67261,37.70038,2022,2022
AMJI031279-EPHI-622I-1,Jiga,ETH,health_facility,10.67261,37.70038,2022,2022
AMJI031286-EPHI-622I-1,Jiga,ETH,health_facility,10.67261,37.70038,2022,2022
AMJI031295-EPHI-622I-1,Jiga,ETH,health_facility,10.67261,37.70038,2022,2022
AMJI031296-EPHI-622I-1,Jiga,ETH,health_facility,10.67261,37.70038,2022,2022
AMJI031297-EPHI-622I-1,Jiga,ETH,health_facility,10.67261,37.70038,2022,2022
AMJI031298-EPHI-622I-1,Jiga,ETH,health_facility,10.67261,37.70038,2022,2022
AMJI031300-EPHI-622I-1,Jiga,ETH,health_facility,10.67261,37.70038,2022,2022
AMJI031305-EPHI-622I-1,Jiga,ETH,health_facility,10.67261,37.70038,2022,2022
AMJI031314-EPHI-622I-1,Jiga,ETH,health_facility,10.67261,37.70038,2022,2022
AMJI031332-EPHI-622I-1,Jiga,ETH,health_facility,10.67261,37.70038,2022,2022
AMJI031236-EPHI-622I-1,Jiga,ETH,health_facility,10.67261,37.70038,2022,2022
AMJI031304-EPHI-622I-1,Jiga,ETH,health_facility,10.67261,37.70038,2022,2022
AMJI031317-EPHI-622I-1,Jiga,ETH,health_facility,10.67261,37.70038,2022,2022
AMJI031203-EPHI-622I-1,Jiga,ETH,health_facility,10.67261,37.70038,2022,2022
AMJI031204-EPHI-622I-1,Jiga,ETH,health_facility,10.67261,37.70038,2022,2022
AMJI031206-EPHI-622I-1,Jiga,ETH,health_facility,10.67261,37.70038,2022,2022
AMJI031210-EPHI-622I-1,Jiga,ETH,health_facility,10.67261,37.70038,2022,2022
AMJI031212-EPHI-622I-1,Jiga,ETH,health_facility,10.67261,37.70038,2022,2022
AMJI031215-EPHI-622I-1,Jiga,ETH,health_facility,10.67261,37.70038,2022,2022
AMJI031216-EPHI-622I-1,Jiga,ETH,health_facility,10.67261,37.70038,2022,2022
AMJI031217-EPHI-622I-1,Jiga,ETH,health_facility,10.67261,37.70038,2022,2022
AMJI031218-EPHI-622I-1,Jiga,ETH,health_facility,10.67261,37.70038,2022,2022
AMJI031226-EPHI-622I-1,Jiga,ETH,health_facility,10.67261,37.70038,2022,2022
AMJI031227-EPHI-622I-1,Jiga,ETH,health_facility,10.67261,37.70038,2022,2022
AMJI031229-EPHI-622I-1,Jiga,ETH,health_facility,10.67261,37.70038,2022,2022
AMJI031230-EPHI-622I-1,Jiga,ETH,health_facility,10.67261,37.70038,2022,2022
AMJI031231-EPHI-622I-1,Jiga,ETH,health_facility,10.67261,37.70038,2022,2022
AMJI031234-EPHI-622I-1,Jiga,ETH,health_facility,10.67261,37.70038,2022,2022
AMJI031237-EPHI-622I-1,Jiga,ETH,health_facility,10.67261,37.70038,2022,2022
AMJI031238-EPHI-622I-1,Jiga,ETH,health_facility,10.67261,37.70038,2022,2022
AMJI031243-EPHI-622I-1,Jiga,ETH,health_facility,10.67261,37.70038,2022,2022
AMJI031244-EPHI-622I-1,Jiga,ETH,health_facility,10.67261,37.70038,2022,2022
AMJI031245-EPHI-622I-1,Jiga,ETH,health_facility,10.67261,37.70038,2022,2022
AMJI031247-EPHI-622I-1,Jiga,ETH,health_facility,10.67261,37.70038,2022,2022
AMJI031248-EPHI-622I-1,Jiga,ETH,health_facility,10.67261,37.70038,2022,2022
AMJI031249-EPHI-622I-1,Jiga,ETH,health_facility,10.67261,37.70038,2022,2022
AMJI031250-EPHI-622I-1,Jiga,ETH,health_facility,10.67261,37.70038,2022,2022
AMJI031251-EPHI-622I-1,Jiga,ETH,health_facility,10.67261,37.70038,2022,2022
AMJI031252-EPHI-622I-1,Jiga,ETH,health_facility,10.67261,37.70038,2022,2022
AMJI031253-EPHI-622I-1,Jiga,ETH,health_facility,10.67261,37.70038,2022,2022
AMJI031256-EPHI-622I-1,Jiga,ETH,health_facility,10.67261,37.70038,2022,2022
AMJI031259-EPHI-622I-1,Jiga,ETH,health_facility,10.67261,37.70038,2022,2022
AMJI031261-EPHI-622I-1,Jiga,ETH,health_facility,10.67261,37.70038,2022,2022
AMJI031263-EPHI-622I-1,Jiga,ETH,health_facility,10.67261,37.70038,2022,2022
AMJI031264-EPHI-622I-1,Jiga,ETH,health_facility,10.67261,37.70038,2022,2022
AMJI031265-EPHI-622I-1,Jiga,ETH,health_facility,10.67261,37.70038,2022,2022
AMJI031268-EPHI-622I-1,Jiga,ETH,health_facility,10.67261,37.70038,2022,2022
AMJI031269-EPHI-622I-1,Jiga,ETH,health_facility,10.67261,37.70038,2022,2022
AMJI031271-EPHI-622I-1,Jiga,ETH,health_facility,10.67261,37.70038,2022,2022
AMJI031274-EPHI-622I-1,Jiga,ETH,health_facility,10.67261,37.70038,2022,2022
AMJI031275-EPHI-622I-1,Jiga,ETH,health_facility,10.67261,37.70038,2022,2022
AMJI031276-EPHI-622I-1,Jiga,ETH,health_facility,10.67261,37.70038,2022,2022
AMJI031280-EPHI-622I-1,Jiga,ETH,health_facility,10.67261,37.70038,2022,2022
AMJI031281-EPHI-622I-1,Jiga,ETH,health_facility,10.67261,37.70038,2022,2022
AMJI031282-EPHI-622I-1,Jiga,ETH,health_facility,10.67261,37.70038,2022,2022
AMJI031283-EPHI-622I-1,Jiga,ETH,health_facility,10.67261,37.70038,2022,2022
AMJI031284-EPHI-622I-1,Jiga,ETH,health_facility,10.67261,37.70038,2022,2022
AMJI031285-EPHI-622I-1,Jiga,ETH,health_facility,10.67261,37.70038,2022,2022
AMJI031287-EPHI-622I-1,Jiga,ETH,health_facility,10.67261,37.70038,2022,2022
AMJI031288-EPHI-622I-1,Jiga,ETH,health_facility,10.67261,37.70038,2022,2022
AMJI031290-EPHI-622I-1,Jiga,ETH,health_facility,10.67261,37.70038,2022,2022
AMJI031291-EPHI-622I-1,Jiga,ETH,health_facility,10.67261,37.70038,2022,2022
AMJI031292-EPHI-622I-1,Jiga,ETH,health_facility,10.67261,37.70038,2022,2022
AMJI031294-EPHI-622I-1,Jiga,ETH,health_facility,10.67261,37.70038,2022,2022
AMJI031306-EPHI-622I-1,Jiga,ETH,health_facility,10.67261,37.70038,2022,2022
AMJI031308-EPHI-622I-1,Jiga,ETH,health_facility,10.67261,37.70038,2022,2022
AMJI031310-EPHI-622I-1,Jiga,ETH,health_facility,10.67261,37.70038,2022,2022
AMJI031316-EPHI-622I-1,Jiga,ETH,health_facility,10.67261,37.70038,2022,2022
AMJI031318-EPHI-622I-1,Jiga,ETH,health_facility,10.67261,37.70038,2022,2022
AMJI031319-EPHI-622I-1,Jiga,ETH,health_facility,10.67261,37.70038,2022,2022
AMJI031321-EPHI-622I-1,Jiga,ETH,health_facility,10.67261,37.70038,2022,2022
AMJI031322-EPHI-622I-1,Jiga,ETH,health_facility,10.67261,37.70038,2022,2022
AMJI031323-EPHI-622I-1,Jiga,ETH,health_facility,10.67261,37.70038,2022,2022
AMJI031324-EPHI-622I-1,Jiga,ETH,health_facility,10.67261,37.70038,2022,2022
AMJI031325-EPHI-622I-1,Jiga,ETH,health_facility,10.67261,37.70038,2022,2022
AMJI031289-EPHI-622I-1,Jiga,ETH,health_facility,10.67261,37.70038,2022,2022
AMJI031301-EPHI-622I-1,Jiga,ETH,health_facility,10.67261,37.70038,2022,2022
AMJI031303-EPHI-622I-1,Jiga,ETH,health_facility,10.67261,37.70038,2022,2022
AMJI031307-EPHI-622I-1,Jiga,ETH,health_facility,10.67261,37.70038,2022,2022
AMJI031309-EPHI-622I-1,Jiga,ETH,health_facility,10.67261,37.70038,2022,2022
AMJI031312-EPHI-622I-1,Jiga,ETH,health_facility,10.67261,37.70038,2022,2022
AMJI031313-EPHI-622I-1,Jiga,ETH,health_facility,10.67261,37.70038,2022,2022
AMJI031328-EPHI-622I-1,Jiga,ETH,health_facility,10.67261,37.70038,2022,2022
AMJI031336-EPHI-622I-1,Jiga,ETH,health_facility,10.67261,37.70038,2022,2022
AMJI031320-EPHI-622I-1,Jiga,ETH,health_facility,10.67261,37.70038,2022,2022
ET_LT_523-EPHI-622I-1,Lante,ETH,health_facility,6.13325,37.63912,2019,2019
ET_LT_620-EPHI-622I-1,Lante,ETH,health_facility,6.13325,37.63912,2019,2019
ET_LT_720-EPHI-622I-1,Lante,ETH,health_facility,6.13325,37.63912,2019,2019
ET_LT_943-EPHI-622I-1,Lante,ETH,health_facility,6.13325,37.63912,2019,2019
ET_LT_944-EPHI-622I-1,Lante,ETH,health_facility,6.13325,37.63912,2019,2019
ET_LT_1001-EPHI-622I-1,Lante,ETH,health_facility,6.13325,37.63912,2019,2019
ET_LT_1002-EPHI-622I-1,Lante,ETH,health_facility,6.13325,37.63912,2019,2019
ET_LT_1003-EPHI-622I-1,Lante,ETH,health_facility,6.13325,37.63912,2019,2019
ET_LT_1004-EPHI-622I-1,Lante,ETH,health_facility,6.13325,37.63912,2019,2019
ET_LT_1005-EPHI-622I-1,Lante,ETH,health_facility,6.13325,37.63912,2019,2019
ET_LT_1006-EPHI-622I-1,Lante,ETH,health_facility,6.13325,37.63912,2019,2019
ET_LT_533-EPHI-622I-1,Lante,ETH,health_facility,6.13325,37.63912,2019,2019
ET_LT_562-EPHI-622I-1,Lante,ETH,health_facility,6.13325,37.63912,2019,2019
ET_LT_568-EPHI-622I-1,Lante,ETH,health_facility,6.13325,37.63912,2019,2019
ET_LT_569-EPHI-622I-1,Lante,ETH,health_facility,6.13325,37.63912,2019,2019
ET_LT_570-EPHI-622I-1,Lante,ETH,health_facility,6.13325,37.63912,2019,2019
ET_LT_583-EPHI-622I-1,Lante,ETH,health_facility,6.13325,37.63912,2019,2019
ET_LT_587-EPHI-622I-1,Lante,ETH,health_facility,6.13325,37.63912,2019,2019
ET_LT_589-EPHI-622I-1,Lante,ETH,health_facility,6.13325,37.63912,2019,2019
ET_LT_590-EPHI-622I-1,Lante,ETH,health_facility,6.13325,37.63912,2019,2019
ET_LT_594-EPHI-622I-1,Lante,ETH,health_facility,6.13325,37.63912,2019,2019
ET_LT_602-EPHI-622I-1,Lante,ETH,health_facility,6.13325,37.63912,2019,2019
ET_LT_624-EPHI-622I-1,Lante,ETH,health_facility,6.13325,37.63912,2019,2019
ET_LT_633-EPHI-622I-1,Lante,ETH,health_facility,6.13325,37.63912,2019,2019
ET_LT_665-EPHI-622I-1,Lante,ETH,health_facility,6.13325,37.63912,2019,2019
ET_LT_700-EPHI-622I-1,Lante,ETH,health_facility,6.13325,37.63912,2019,2019
ET_LT_701-EPHI-622I-1,Lante,ETH,health_facility,6.13325,37.63912,2019,2019
ET_LT_702-EPHI-622I-1,Lante,ETH,health_facility,6.13325,37.63912,2019,2019
ET_LT_705-EPHI-622I-1,Lante,ETH,health_facility,6.13325,37.63912,2019,2019
ET_LT_706-EPHI-622I-1,Lante,ETH,health_facility,6.13325,37.63912,2019,2019
ET_LT_707-EPHI-622I-1,Lante,ETH,health_facility,6.13325,37.63912,2019,2019
ET_LT_708-EPHI-622I-1,Lante,ETH,health_facility,6.13325,37.63912,2019,2019
ET_LT_709-EPHI-622I-1,Lante,ETH,health_facility,6.13325,37.63912,2019,2019
ET_LT_714-EPHI-622I-1,Lante,ETH,health_facility,6.13325,37.63912,2019,2019
ET_LT_719-EPHI-622I-1,Lante,ETH,health_facility,6.13325,37.63912,2019,2019
ET_LT_731-EPHI-622I-1,Lante,ETH,health_facility,6.13325,37.63912,2019,2019
ET_LT_732-EPHI-622I-1,Lante,ETH,health_facility,6.13325,37.63912,2019,2019
ET_LT_734-EPHI-622I-1,Lante,ETH,health_facility,6.13325,37.63912,2019,2019
ET_LT_738-EPHI-622I-1,Lante,ETH,health_facility,6.13325,37.63912,2019,2019
ET_LT_745-EPHI-622I-1,Lante,ETH,health_facility,6.13325,37.63912,2019,2019
ET_LT_758-EPHI-622I-1,Lante,ETH,health_facility,6.13325,37.63912,2019,2019
ET_LT_762-EPHI-622I-1,Lante,ETH,health_facility,6.13325,37.63912,2019,2019
ET_LT_765-EPHI-622I-1,Lante,ETH,health_facility,6.13325,37.63912,2019,2019
ET_LT_771-EPHI-622I-1,Lante,ETH,health_facility,6.13325,37.63912,2019,2019
ET_LT_772-EPHI-622I-1,Lante,ETH,health_facility,6.13325,37.63912,2019,2019
ET_LT_773-EPHI-622I-1,Lante,ETH,health_facility,6.13325,37.63912,2019,2019
ET_LT_778-EPHI-622I-1,Lante,ETH,health_facility,6.13325,37.63912,2019,2019
ET_LT_781-EPHI-622I-1,Lante,ETH,health_facility,6.13325,37.63912,2019,2019
ET_LT_785-EPHI-622I-1,Lante,ETH,health_facility,6.13325,37.63912,2019,2019
ET_LT_798-EPHI-622I-1,Lante,ETH,health_facility,6.13325,37.63912,2019,2019
ET_LT_799-EPHI-622I-1,Lante,ETH,health_facility,6.13325,37.63912,2019,2019
ET_LT_800-EPHI-622I-1,Lante,ETH,health_facility,6.13325,37.63912,2019,2019
ET_LT_806-EPHI-622I-1,Lante,ETH,health_facility,6.13325,37.63912,2019,2019
ET_LT_810-EPHI-622I-1,Lante,ETH,health_facility,6.13325,37.63912,2019,2019
ET_LT_827-EPHI-622I-1,Lante,ETH,health_facility,6.13325,37.63912,2019,2019
ET_LT_828-EPHI-622I-1,Lante,ETH,health_facility,6.13325,37.63912,2019,2019
ET_LT_831-EPHI-622I-1,Lante,ETH,health_facility,6.13325,37.63912,2019,2019
ET_LT_843-EPHI-622I-1,Lante,ETH,health_facility,6.13325,37.63912,2019,2019
ET_LT_854-EPHI-622I-1,Lante,ETH,health_facility,6.13325,37.63912,2019,2019
ET_LT_875-EPHI-622I-1,Lante,ETH,health_facility,6.13325,37.63912,2019,2019
ET_LT_876-EPHI-622I-1,Lante,ETH,health_facility,6.13325,37.63912,2019,2019
ET_LT_886-EPHI-622I-1,Lante,ETH,health_facility,6.13325,37.63912,2019,2019
ET_LT_896-EPHI-622I-1,Lante,ETH,health_facility,6.13325,37.63912,2019,2019
ET_LT_906-EPHI-622I-1,Lante,ETH,health_facility,6.13325,37.63912,2019,2019
ET_LT_909-EPHI-622I-1,Lante,ETH,health_facility,6.13325,37.63912,2019,2019
ET_LT_911-EPHI-622I-1,Lante,ETH,health_facility,6.13325,37.63912,2019,2019
ET_LT_913-EPHI-622I-1,Lante,ETH,health_facility,6.13325,37.63912,2019,2019
ET_LT_921-EPHI-622I-1,Lante,ETH,health_facility,6.13325,37.63912,2019,2019
ET_LT_928-EPHI-622I-1,Lante,ETH,health_facility,6.13325,37.63912,2019,2019
ET_LT_936-EPHI-622I-1,Lante,ETH,health_facility,6.13325,37.63912,2019,2019
ET_LT_946-EPHI-622I-1,Lante,ETH,health_facility,6.13325,37.63912,2019,2019
ET_LT_947-EPHI-622I-1,Lante,ETH,health_facility,6.13325,37.63912,2019,2019
ET_LT_957-EPHI-622I-1,Lante,ETH,health_facility,6.13325,37.63912,2019,2019
ET_LT_964-EPHI-622I-1,Lante,ETH,health_facility,6.13325,37.63912,2019,2019
ET_LT_965-EPHI-622I-1,Lante,ETH,health_facility,6.13325,37.63912,2019,2019
ET_LT_974-EPHI-622I-1,Lante,ETH,health_facility,6.13325,37.63912,2019,2019
ET_LT_980-EPHI-622I-1,Lante,ETH,health_facility,6.13325,37.63912,2019,2019
ET_LT_983-EPHI-622I-1,Lante,ETH,health_facility,6.13325,37.63912,2019,2019
ET_LT_984-EPHI-622I-1,Lante,ETH,health_facility,6.13325,37.63912,2019,2019
ET_LT_985-EPHI-622I-1,Lante,ETH,health_facility,6.13325,37.63912,2019,2019
ET_LT_986-EPHI-622I-1,Lante,ETH,health_facility,6.13325,37.63912,2019,2019
ET_LT_989-EPHI-622I-1,Lante,ETH,health_facility,6.13325,37.63912,2019,2019
ET_LT_991-EPHI-622I-1,Lante,ETH,health_facility,6.13325,37.63912,2019,2019
ET_LT_994-EPHI-622I-1,Lante,ETH,health_facility,6.13325,37.63912,2019,2019
ET_LT_999-EPHI-622I-1,Lante,ETH,health_facility,6.13325,37.63912,2019,2019
ET_LT_905-EPHI-622I-1,Lante,ETH,health_facility,6.13325,37.63912,2019,2019
ET_LT_582-EPHI-622I-1,Lante,ETH,health_facility,6.13325,37.63912,2019,2019
ET_LT_667-EPHI-622I-1,Lante,ETH,health_facility,6.13325,37.63912,2019,2019
ET_LT_712-EPHI-622I-1,Lante,ETH,health_facility,6.13325,37.63912,2019,2019
ET_LT_749-EPHI-622I-1,Lante,ETH,health_facility,6.13325,37.63912,2019,2019
ET_LT_891-EPHI-622I-1,Lante,ETH,health_facility,6.13325,37.63912,2019,2019
ET_LT_902-EPHI-622I-1,Lante,ETH,health_facility,6.13325,37.63912,2019,2019
ET_LT_935-EPHI-622I-1,Lante,ETH,health_facility,6.13325,37.63912,2019,2019
ET_LT_521-EPHI-622I-1,Lante,ETH,health_facility,6.13325,37.63912,2019,2019
ET_LT_543-EPHI-622I-1,Lante,ETH,health_facility,6.13325,37.63912,2019,2019
ET_LT_642-EPHI-622I-1,Lante,ETH,health_facility,6.13325,37.63912,2019,2019
ET_LT_686-EPHI-622I-1,Lante,ETH,health_facility,6.13325,37.63912,2019,2019
ET_LT_692-EPHI-622I-1,Lante,ETH,health_facility,6.13325,37.63912,2019,2019
ET_LT_717-EPHI-622I-1,Lante,ETH,health_facility,6.13325,37.63912,2019,2019
ET_LT_747-EPHI-622I-1,Lante,ETH,health_facility,6.13325,37.63912,2019,2019
ET_LT_856-EPHI-622I-1,Lante,ETH,health_facility,6.13325,37.63912,2019,2019
ET_LT_878-EPHI-622I-1,Lante,ETH,health_facility,6.13325,37.63912,2019,2019
ET_LT_929-EPHI-622I-1,Lante,ETH,health_facility,6.13325,37.63912,2019,2019
ET_LT_931-EPHI-622I-1,Lante,ETH,health_facility,6.13325,37.63912,2019,2019
ET_LT_990-EPHI-622I-1,Lante,ETH,health_facility,6.13325,37.63912,2019,2019
ET_LT_736-EPHI-622I-1,Lante,ETH,health_facility,6.13325,37.63912,2019,2019
ET_LT_897-EPHI-622I-1,Lante,ETH,health_facility,6.13325,37.63912,2019,2019
ET_MT_294-EPHI-622I-1,Metehara,ETH,health_facility,8.83826,39.92292,2019,2019
ET_MT_378-EPHI-622I-1,Metehara,ETH,health_facility,8.83826,39.92292,2019,2019
ET_MT_431-EPHI-622I-1,Metehara,ETH,health_facility,8.83826,39.92292,2019,2019
ET_MT_449-EPHI-622I-1,Metehara,ETH,health_facility,8.83826,39.92292,2019,2019
ET_MT_450-EPHI-622I-1,Metehara,ETH,health_facility,8.83826,39.92292,2019,2019
ET_MT_453-EPHI-622I-1,Metehara,ETH,health_facility,8.83826,39.92292,2019,2019
ET_MT_499-EPHI-622I-1,Metehara,ETH,health_facility,8.83826,39.92292,2019,2019
ET_MT_502-EPHI-622I-1,Metehara,ETH,health_facility,8.83826,39.92292,2019,2019
ORME040618-EPHI-622I-1,Metehara,ETH,health_facility,8.83826,39.92292,2022,2022
ORME040631-EPHI-622I-1,Metehara,ETH,health_facility,8.83826,39.92292,2022,2022
ORME040679-EPHI-622I-1,Metehara,ETH,health_facility,8.83826,39.92292,2022,2022
ET_MT_083-EPHI-622I-1,Metehara,ETH,health_facility,8.83826,39.92292,2019,2019
ET_MT_140-EPHI-622I-1,Metehara,ETH,health_facility,8.83826,39.92292,2019,2019
ET_MT_194-EPHI-622I-1,Metehara,ETH,health_facility,8.83826,39.92292,2019,2019
ET_MT_199-EPHI-622I-1,Metehara,ETH,health_facility,8.83826,39.92292,2019,2019
ET_MT_251-EPHI-622I-1,Metehara,ETH,health_facility,8.83826,39.92292,2019,2019
ET_MT_255-EPHI-622I-1,Metehara,ETH,health_facility,8.83826,39.92292,2019,2019
ET_MT_291-EPHI-622I-1,Metehara,ETH,health_facility,8.83826,39.92292,2019,2019
ET_MT_346-EPHI-622I-1,Metehara,ETH,health_facility,8.83826,39.92292,2019,2019
ET_MT_350-EPHI-622I-1,Metehara,ETH,health_facility,8.83826,39.92292,2019,2019
ET_MT_377-EPHI-622I-1,Metehara,ETH,health_facility,8.83826,39.92292,2019,2019
ET_MT_390-EPHI-622I-1,Metehara,ETH,health_facility,8.83826,39.92292,2019,2019
ET_MT_398-EPHI-622I-1,Metehara,ETH,health_facility,8.83826,39.92292,2019,2019
ET_MT_408-EPHI-622I-1,Metehara,ETH,health_facility,8.83826,39.92292,2019,2019
ET_MT_422-EPHI-622I-1,Metehara,ETH,health_facility,8.83826,39.92292,2019,2019
ET_MT_423-EPHI-622I-1,Metehara,ETH,health_facility,8.83826,39.92292,2019,2019
ET_MT_427-EPHI-622I-1,Metehara,ETH,health_facility,8.83826,39.92292,2019,2019
ET_MT_428-EPHI-622I-1,Metehara,ETH,health_facility,8.83826,39.92292,2019,2019
ET_MT_430-EPHI-622I-1,Metehara,ETH,health_facility,8.83826,39.92292,2019,2019
ET_MT_460-EPHI-622I-1,Metehara,ETH,health_facility,8.83826,39.92292,2019,2019
ET_MT_467-EPHI-622I-1,Metehara,ETH,health_facility,8.83826,39.92292,2019,2019
ET_MT_468-EPHI-622I-1,Metehara,ETH,health_facility,8.83826,39.92292,2019,2019
ET_MT_470-EPHI-622I-1,Metehara,ETH,health_facility,8.83826,39.92292,2019,2019
ET_MT_471-EPHI-622I-1,Metehara,ETH,health_facility,8.83826,39.92292,2019,2019
ET_MT_475-EPHI-622I-1,Metehara,ETH,health_facility,8.83826,39.92292,2019,2019
ET_MT_476-EPHI-622I-1,Metehara,ETH,health_facility,8.83826,39.92292,2019,2019
ET_MT_477-EPHI-622I-1,Metehara,ETH,health_facility,8.83826,39.92292,2019,2019
ET_MT_478-EPHI-622I-1,Metehara,ETH,health_facility,8.83826,39.92292,2019,2019
ET_MT_479-EPHI-622I-1,Metehara,ETH,health_facility,8.83826,39.92292,2019,2019
ET_MT_480-EPHI-622I-1,Metehara,ETH,health_facility,8.83826,39.92292,2019,2019
ET_MT_482-EPHI-622I-1,Metehara,ETH,health_facility,8.83826,39.92292,2019,2019
ET_MT_483-EPHI-622I-1,Metehara,ETH,health_facility,8.83826,39.92292,2019,2019
ET_MT_500-EPHI-622I-1,Metehara,ETH,health_facility,8.83826,39.92292,2019,2019
ET_MT_516-EPHI-622I-1,Metehara,ETH,health_facility,8.83826,39.92292,2019,2019
ET_MT_517-EPHI-622I-1,Metehara,ETH,health_facility,8.83826,39.92292,2019,2019
ET_MT_518-EPHI-622I-1,Metehara,ETH,health_facility,8.83826,39.92292,2019,2019
ET_MT_520-EPHI-622I-1,Metehara,ETH,health_facility,8.83826,39.92292,2019,2019
ET_MT_521-EPHI-622I-1,Metehara,ETH,health_facility,8.83826,39.92292,2019,2019
ET_MT_522-EPHI-622I-1,Metehara,ETH,health_facility,8.83826,39.92292,2019,2019
ET_MT_523-EPHI-622I-1,Metehara,ETH,health_facility,8.83826,39.92292,2019,2019
ET_MT_525-EPHI-622I-1,Metehara,ETH,health_facility,8.83826,39.92292,2019,2019
ET_MT_534-EPHI-622I-1,Metehara,ETH,health_facility,8.83826,39.92292,2019,2019
ET_MT_535-EPHI-622I-1,Metehara,ETH,health_facility,8.83826,39.92292,2019,2019
ET_MT_537-EPHI-622I-1,Metehara,ETH,health_facility,8.83826,39.92292,2019,2019
ET_MT_539-EPHI-622I-1,Metehara,ETH,health_facility,8.83826,39.92292,2019,2019
ET_MT_540-EPHI-622I-1,Metehara,ETH,health_facility,8.83826,39.92292,2019,2019
ET_MT_542-EPHI-622I-1,Metehara,ETH,health_facility,8.83826,39.92292,2019,2019
ET_MT_546-EPHI-622I-1,Metehara,ETH,health_facility,8.83826,39.92292,2019,2019
ET_MT_547-EPHI-622I-1,Metehara,ETH,health_facility,8.83826,39.92292,2019,2019
ET_MT_548-EPHI-622I-1,Metehara,ETH,health_facility,8.83826,39.92292,2019,2019
ET_MT_549-EPHI-622I-1,Metehara,ETH,health_facility,8.83826,39.92292,2019,2019
ET_MT_550-EPHI-622I-1,Metehara,ETH,health_facility,8.83826,39.92292,2019,2019
ET_MT_559-EPHI-622I-1,Metehara,ETH,health_facility,8.83826,39.92292,2019,2019
ET_MT_560-EPHI-622I-1,Metehara,ETH,health_facility,8.83826,39.92292,2019,2019
ET_MT_561-EPHI-622I-1,Metehara,ETH,health_facility,8.83826,39.92292,2019,2019
ET_MT_562-EPHI-622I-1,Metehara,ETH,health_facility,8.83826,39.92292,2019,2019
ET_MT_565-EPHI-622I-1,Metehara,ETH,health_facility,8.83826,39.92292,2019,2019
ET_MT_566-EPHI-622I-1,Metehara,ETH,health_facility,8.83826,39.92292,2019,2019
ET_MT_570-EPHI-622I-1,Metehara,ETH,health_facility,8.83826,39.92292,2019,2019
ET_MT_575-EPHI-622I-1,Metehara,ETH,health_facility,8.83826,39.92292,2019,2019
ORME040602-EPHI-622I-1,Metehara,ETH,health_facility,8.83826,39.92292,2022,2022
ORME040603-EPHI-622I-1,Metehara,ETH,health_facility,8.83826,39.92292,2022,2022
ORME040605-EPHI-622I-1,Metehara,ETH,health_facility,8.83826,39.92292,2022,2022
ORME040607-EPHI-622I-1,Metehara,ETH,health_facility,8.83826,39.92292,2022,2022
ORME040608-EPHI-622I-1,Metehara,ETH,health_facility,8.83826,39.92292,2022,2022
ORME040609-EPHI-622I-1,Metehara,ETH,health_facility,8.83826,39.92292,2022,2022
ORME040610-EPHI-622I-1,Metehara,ETH,health_facility,8.83826,39.92292,2022,2022
ORME040611-EPHI-622I-1,Metehara,ETH,health_facility,8.83826,39.92292,2022,2022
ORME040612-EPHI-622I-1,Metehara,ETH,health_facility,8.83826,39.92292,2022,2022
ORME040617-EPHI-622I-1,Metehara,ETH,health_facility,8.83826,39.92292,2022,2022
ORME040619-EPHI-622I-1,Metehara,ETH,health_facility,8.83826,39.92292,2022,2022
ORME040620-EPHI-622I-1,Metehara,ETH,health_facility,8.83826,39.92292,2022,2022
ORME040621-EPHI-622I-1,Metehara,ETH,health_facility,8.83826,39.92292,2022,2022
ORME040622-EPHI-622I-1,Metehara,ETH,health_facility,8.83826,39.92292,2022,2022
ORME040623-EPHI-622I-1,Metehara,ETH,health_facility,8.83826,39.92292,2022,2022
ORME040624-EPHI-622I-1,Metehara,ETH,health_facility,8.83826,39.92292,2022,2022
ORME040625-EPHI-622I-1,Metehara,ETH,health_facility,8.83826,39.92292,2022,2022
ORME040626-EPHI-622I-1,Metehara,ETH,health_facility,8.83826,39.92292,2022,2022
ORME040627-EPHI-622I-1,Metehara,ETH,health_facility,8.83826,39.92292,2022,2022
ORME040628-EPHI-622I-1,Metehara,ETH,health_facility,8.83826,39.92292,2022,2022
ORME040630-EPHI-622I-1,Metehara,ETH,health_facility,8.83826,39.92292,2022,2022
ORME040633-EPHI-622I-1,Metehara,ETH,health_facility,8.83826,39.92292,2022,2022
ORME040634-EPHI-622I-1,Metehara,ETH,health_facility,8.83826,39.92292,2022,2022
ORME040635-EPHI-622I-1,Metehara,ETH,health_facility,8.83826,39.92292,2022,2022
ORME040638-EPHI-622I-1,Metehara,ETH,health_facility,8.83826,39.92292,2022,2022
ORME040639-EPHI-622I-1,Metehara,ETH,health_facility,8.83826,39.92292,2022,2022
ORME040640-EPHI-622I-1,Metehara,ETH,health_facility,8.83826,39.92292,2022,2022
ORME040641-EPHI-622I-1,Metehara,ETH,health_facility,8.83826,39.92292,2022,2022
ORME040644-EPHI-622I-1,Metehara,ETH,health_facility,8.83826,39.92292,2022,2022
ORME040645-EPHI-622I-1,Metehara,ETH,health_facility,8.83826,39.92292,2022,2022
ORME040646-EPHI-622I-1,Metehara,ETH,health_facility,8.83826,39.92292,2022,2022
ORME040648-EPHI-622I-1,Metehara,ETH,health_facility,8.83826,39.92292,2022,2022
ORME040649-EPHI-622I-1,Metehara,ETH,health_facility,8.83826,39.92292,2022,2022
ORME040650-EPHI-622I-1,Metehara,ETH,health_facility,8.83826,39.92292,2022,2022
ORME040651-EPHI-622I-1,Metehara,ETH,health_facility,8.83826,39.92292,2022,2022
ORME040653-EPHI-622I-1,Metehara,ETH,health_facility,8.83826,39.92292,2022,2022
ORME040655-EPHI-622I-1,Metehara,ETH,health_facility,8.83826,39.92292,2022,2022
ORME040656-EPHI-622I-1,Metehara,ETH,health_facility,8.83826,39.92292,2022,2022
ORME040657-EPHI-622I-1,Metehara,ETH,health_facility,8.83826,39.92292,2022,2022
ORME040658-EPHI-622I-1,Metehara,ETH,health_facility,8.83826,39.92292,2022,2022
ORME040659-EPHI-622I-1,Metehara,ETH,health_facility,8.83826,39.92292,2022,2022
ORME040660-EPHI-622I-1,Metehara,ETH,health_facility,8.83826,39.92292,2022,2022
ORME040661-EPHI-622I-1,Metehara,ETH,health_facility,8.83826,39.92292,2022,2022
ORME040662-EPHI-622I-1,Metehara,ETH,health_facility,8.83826,39.92292,2022,2022
ORME040663-EPHI-622I-1,Metehara,ETH,health_facility,8.83826,39.92292,2022,2022
ORME040664-EPHI-622I-1,Metehara,ETH,health_facility,8.83826,39.92292,2022,2022
ORME040665-EPHI-622I-1,Metehara,ETH,health_facility,8.83826,39.92292,2022,2022
ORME040666-EPHI-622I-1,Metehara,ETH,health_facility,8.83826,39.92292,2022,2022
ORME040667-EPHI-622I-1,Metehara,ETH,health_facility,8.83826,39.92292,2022,2022
ORME040668-EPHI-622I-1,Metehara,ETH,health_facility,8.83826,39.92292,2022,2022
ORME040669-EPHI-622I-1,Metehara,ETH,health_facility,8.83826,39.92292,2022,2022
ORME040670-EPHI-622I-1,Metehara,ETH,health_facility,8.83826,39.92292,2022,2022
ORME040671-EPHI-622I-1,Metehara,ETH,health_facility,8.83826,39.92292,2022,2022
ORME040673-EPHI-622I-1,Metehara,ETH,health_facility,8.83826,39.92292,2022,2022
ORME040674-EPHI-622I-1,Metehara,ETH,health_facility,8.83826,39.92292,2022,2022
ORME040676-EPHI-622I-1,Metehara,ETH,health_facility,8.83826,39.92292,2022,2022
ORME040677-EPHI-622I-1,Metehara,ETH,health_facility,8.83826,39.92292,2022,2022
ORME040680-EPHI-622I-1,Metehara,ETH,health_facility,8.83826,39.92292,2022,2022
ORME040681-EPHI-622I-1,Metehara,ETH,health_facility,8.83826,39.92292,2022,2022
ORME040682-EPHI-622I-1,Metehara,ETH,health_facility,8.83826,39.92292,2022,2022
ORME040683-EPHI-622I-1,Metehara,ETH,health_facility,8.83826,39.92292,2022,2022
ORME040684-EPHI-622I-1,Metehara,ETH,health_facility,8.83826,39.92292,2022,2022
ORME040685-EPHI-622I-1,Metehara,ETH,health_facility,8.83826,39.92292,2022,2022
ORME040686-EPHI-622I-1,Metehara,ETH,health_facility,8.83826,39.92292,2022,2022
ORME040687-EPHI-622I-1,Metehara,ETH,health_facility,8.83826,39.92292,2022,2022
ORME040688-EPHI-622I-1,Metehara,ETH,health_facility,8.83826,39.92292,2022,2022
ORME040689-EPHI-622I-1,Metehara,ETH,health_facility,8.83826,39.92292,2022,2022
ORME040690-EPHI-622I-1,Metehara,ETH,health_facility,8.83826,39.92292,2022,2022
ORME040691-EPHI-622I-1,Metehara,ETH,health_facility,8.83826,39.92292,2022,2022
ORME040693-EPHI-622I-1,Metehara,ETH,health_facility,8.83826,39.92292,2022,2022
ORME040694-EPHI-622I-1,Metehara,ETH,health_facility,8.83826,39.92292,2022,2022
ORME040695-EPHI-622I-1,Metehara,ETH,health_facility,8.83826,39.92292,2022,2022
ORME040697-EPHI-622I-1,Metehara,ETH,health_facility,8.83826,39.92292,2022,2022
ORME040699-EPHI-622I-1,Metehara,ETH,health_facility,8.83826,39.92292,2022,2022
ORME040642-EPHI-622I-1,Metehara,ETH,health_facility,8.83826,39.92292,2022,2022
ET_MT_526-EPHI-622I-1,Metehara,ETH,health_facility,8.83826,39.92292,2019,2019
ORME040678-EPHI-622I-1,Metehara,ETH,health_facility,8.83826,39.92292,2022,2022
ORME040698-EPHI-622I-1,Metehara,ETH,health_facility,8.83826,39.92292,2022,2022
ET_MT_395-EPHI-622I-1,Metehara,ETH,health_facility,8.83826,39.92292,2019,2019
ET_MT_232-EPHI-622I-1,Metehara,ETH,health_facility,8.83826,39.92292,2019,2019
ET_MT_331-EPHI-622I-1,Metehara,ETH,health_facility,8.83826,39.92292,2019,2019
ET_MT_387-EPHI-622I-1,Metehara,ETH,health_facility,8.83826,39.92292,2019,2019
ET_MT_388-EPHI-622I-1,Metehara,ETH,health_facility,8.83826,39.92292,2019,2019
ET_MT_399-EPHI-622I-1,Metehara,ETH,health_facility,8.83826,39.92292,2019,2019
ET_MT_419-EPHI-622I-1,Metehara,ETH,health_facility,8.83826,39.92292,2019,2019
ET_MT_421-EPHI-622I-1,Metehara,ETH,health_facility,8.83826,39.92292,2019,2019
ET_MT_429-EPHI-622I-1,Metehara,ETH,health_facility,8.83826,39.92292,2019,2019
ET_MT_469-EPHI-622I-1,Metehara,ETH,health_facility,8.83826,39.92292,2019,2019
ET_MT_473-EPHI-622I-1,Metehara,ETH,health_facility,8.83826,39.92292,2019,2019
ET_MT_528-EPHI-622I-1,Metehara,ETH,health_facility,8.83826,39.92292,2019,2019
ET_MT_538-EPHI-622I-1,Metehara,ETH,health_facility,8.83826,39.92292,2019,2019
ET_MT_543-EPHI-622I-1,Metehara,ETH,health_facility,8.83826,39.92292,2019,2019
ET_MT_551-EPHI-622I-1,Metehara,ETH,health_facility,8.83826,39.92292,2019,2019
ET_MT_553-EPHI-622I-1,Metehara,ETH,health_facility,8.83826,39.92292,2019,2019
ET_MT_555-EPHI-622I-1,Metehara,ETH,health_facility,8.83826,39.92292,2019,2019
ET_MT_558-EPHI-622I-1,Metehara,ETH,health_facility,8.83826,39.92292,2019,2019
ET_MT_563-EPHI-622I-1,Metehara,ETH,health_facility,8.83826,39.92292,2019,2019
ET_MT_569-EPHI-622I-1,Metehara,ETH,health_facility,8.83826,39.92292,2019,2019
ET_MT_573-EPHI-622I-1,Metehara,ETH,health_facility,8.83826,39.92292,2019,2019
ORME040601-EPHI-622I-1,Metehara,ETH,health_facility,8.83826,39.92292,2022,2022
ORME040613-EPHI-622I-1,Metehara,ETH,health_facility,8.83826,39.92292,2022,2022
ORME040615-EPHI-622I-1,Metehara,ETH,health_facility,8.83826,39.92292,2022,2022
ORME040616-EPHI-622I-1,Metehara,ETH,health_facility,8.83826,39.92292,2022,2022
ORME040632-EPHI-622I-1,Metehara,ETH,health_facility,8.83826,39.92292,2022,2022
ORME040636-EPHI-622I-1,Metehara,ETH,health_facility,8.83826,39.92292,2022,2022
ORME040637-EPHI-622I-1,Metehara,ETH,health_facility,8.83826,39.92292,2022,2022
ORME040643-EPHI-622I-1,Metehara,ETH,health_facility,8.83826,39.92292,2022,2022
ORME040647-EPHI-622I-1,Metehara,ETH,health_facility,8.83826,39.92292,2022,2022
ORME040652-EPHI-622I-1,Metehara,ETH,health_facility,8.83826,39.92292,2022,2022
ORME040672-EPHI-622I-1,Metehara,ETH,health_facility,8.83826,39.92292,2022,2022
ORME040675-EPHI-622I-1,Metehara,ETH,health_facility,8.83826,39.92292,2022,2022
ORME040700-EPHI-622I-1,Metehara,ETH,health_facility,8.83826,39.92292,2022,2022
ET_MT_001-EPHI-622I-1,Metehara,ETH,health_facility,8.83826,39.92292,2019,2019
ET_MT_017-EPHI-622I-1,Metehara,ETH,health_facility,8.83826,39.92292,2019,2019
ET_MT_054-EPHI-622I-1,Metehara,ETH,health_facility,8.83826,39.92292,2019,2019
ET_MT_057-EPHI-622I-1,Metehara,ETH,health_facility,8.83826,39.92292,2019,2019
ET_MT_067-EPHI-622I-1,Metehara,ETH,health_facility,8.83826,39.92292,2019,2019
ET_MT_081-EPHI-622I-1,Metehara,ETH,health_facility,8.83826,39.92292,2019,2019
ET_MT_099-EPHI-622I-1,Metehara,ETH,health_facility,8.83826,39.92292,2019,2019
ET_MT_101-EPHI-622I-1,Metehara,ETH,health_facility,8.83826,39.92292,2019,2019
ET_MT_111-EPHI-622I-1,Metehara,ETH,health_facility,8.83826,39.92292,2019,2019
ET_MT_112-EPHI-622I-1,Metehara,ETH,health_facility,8.83826,39.92292,2019,2019
ET_MT_131-EPHI-622I-1,Metehara,ETH,health_facility,8.83826,39.92292,2019,2019
ET_MT_160-EPHI-622I-1,Metehara,ETH,health_facility,8.83826,39.92292,2019,2019
ET_MT_169-EPHI-622I-1,Metehara,ETH,health_facility,8.83826,39.92292,2019,2019
ET_MT_184-EPHI-622I-1,Metehara,ETH,health_facility,8.83826,39.92292,2019,2019
ET_MT_234-EPHI-622I-1,Metehara,ETH,health_facility,8.83826,39.92292,2019,2019
ET_MT_236-EPHI-622I-1,Metehara,ETH,health_facility,8.83826,39.92292,2019,2019
ET_MT_249-EPHI-622I-1,Metehara,ETH,health_facility,8.83826,39.92292,2019,2019
ET_MT_262-EPHI-622I-1,Metehara,ETH,health_facility,8.83826,39.92292,2019,2019
ET_MT_286-EPHI-622I-1,Metehara,ETH,health_facility,8.83826,39.92292,2019,2019
ET_MT_381-EPHI-622I-1,Metehara,ETH,health_facility,8.83826,39.92292,2019,2019
ET_MT_383-EPHI-622I-1,Metehara,ETH,health_facility,8.83826,39.92292,2019,2019
ET_MT_389-EPHI-622I-1,Metehara,ETH,health_facility,8.83826,39.92292,2019,2019
ET_MT_392-EPHI-622I-1,Metehara,ETH,health_facility,8.83826,39.92292,2019,2019
ET_MT_393-EPHI-622I-1,Metehara,ETH,health_facility,8.83826,39.92292,2019,2019
ET_MT_397-EPHI-622I-1,Metehara,ETH,health_facility,8.83826,39.92292,2019,2019
ET_MT_400-EPHI-622I-1,Metehara,ETH,health_facility,8.83826,39.92292,2019,2019
ET_MT_401-EPHI-622I-1,Metehara,ETH,health_facility,8.83826,39.92292,2019,2019
ET_MT_405-EPHI-622I-1,Metehara,ETH,health_facility,8.83826,39.92292,2019,2019
ET_MT_410-EPHI-622I-1,Metehara,ETH,health_facility,8.83826,39.92292,2019,2019
ET_MT_411-EPHI-622I-1,Metehara,ETH,health_facility,8.83826,39.92292,2019,2019
ET_MT_415-EPHI-622I-1,Metehara,ETH,health_facility,8.83826,39.92292,2019,2019
ET_MT_417-EPHI-622I-1,Metehara,ETH,health_facility,8.83826,39.92292,2019,2019
ET_MT_426-EPHI-622I-1,Metehara,ETH,health_facility,8.83826,39.92292,2019,2019
ET_MT_433-EPHI-622I-1,Metehara,ETH,health_facility,8.83826,39.92292,2019,2019
ET_MT_436-EPHI-622I-1,Metehara,ETH,health_facility,8.83826,39.92292,2019,2019
ET_MT_445-EPHI-622I-1,Metehara,ETH,health_facility,8.83826,39.92292,2019,2019
ET_MT_452-EPHI-622I-1,Metehara,ETH,health_facility,8.83826,39.92292,2019,2019
ET_MT_454-EPHI-622I-1,Metehara,ETH,health_facility,8.83826,39.92292,2019,2019
ET_MT_455-EPHI-622I-1,Metehara,ETH,health_facility,8.83826,39.92292,2019,2019
ET_MT_459-EPHI-622I-1,Metehara,ETH,health_facility,8.83826,39.92292,2019,2019
ET_MT_461-EPHI-622I-1,Metehara,ETH,health_facility,8.83826,39.92292,2019,2019
ET_MT_466-EPHI-622I-1,Metehara,ETH,health_facility,8.83826,39.92292,2019,2019
ET_MT_484-EPHI-622I-1,Metehara,ETH,health_facility,8.83826,39.92292,2019,2019
ET_MT_485-EPHI-622I-1,Metehara,ETH,health_facility,8.83826,39.92292,2019,2019
ET_MT_486-EPHI-622I-1,Metehara,ETH,health_facility,8.83826,39.92292,2019,2019
ET_MT_487-EPHI-622I-1,Metehara,ETH,health_facility,8.83826,39.92292,2019,2019
ET_MT_488-EPHI-622I-1,Metehara,ETH,health_facility,8.83826,39.92292,2019,2019
ET_MT_493-EPHI-622I-1,Metehara,ETH,health_facility,8.83826,39.92292,2019,2019
ET_MT_497-EPHI-622I-1,Metehara,ETH,health_facility,8.83826,39.92292,2019,2019
ET_MT_501-EPHI-622I-1,Metehara,ETH,health_facility,8.83826,39.92292,2019,2019
ET_MT_504-EPHI-622I-1,Metehara,ETH,health_facility,8.83826,39.92292,2019,2019
ET_MT_509-EPHI-622I-1,Metehara,ETH,health_facility,8.83826,39.92292,2019,2019
ET_MT_510-EPHI-622I-1,Metehara,ETH,health_facility,8.83826,39.92292,2019,2019
ET_MT_512-EPHI-622I-1,Metehara,ETH,health_facility,8.83826,39.92292,2019,2019
ET_MT_554-EPHI-622I-1,Metehara,ETH,health_facility,8.83826,39.92292,2019,2019
ORME040629-EPHI-622I-1,Metehara,ETH,health_facility,8.83826,39.92292,2022,2022
ORME040696-EPHI-622I-1,Metehara,ETH,health_facility,8.83826,39.92292,2022,2022
ET_MT_098-EPHI-622I-1,Metehara,ETH,health_facility,8.83826,39.92292,2019,2019
ET_MT_407-EPHI-622I-1,Metehara,ETH,health_facility,8.83826,39.92292,2019,2019
ET_MT_416-EPHI-622I-1,Metehara,ETH,health_facility,8.83826,39.92292,2019,2019
ET_MT_425-EPHI-622I-1,Metehara,ETH,health_facility,8.83826,39.92292,2019,2019
ET_MT_439-EPHI-622I-1,Metehara,ETH,health_facility,8.83826,39.92292,2019,2019
ET_MT_444-EPHI-622I-1,Metehara,ETH,health_facility,8.83826,39.92292,2019,2019
ET_MT_556-EPHI-622I-1,Metehara,ETH,health_facility,8.83826,39.92292,2019,2019
ORME040692-EPHI-622I-1,Metehara,ETH,health_facility,8.83826,39.92292,2022,2022
SNSE072126-EPHI-622I-1,Secha,ETH,health_facility,6.03333,37.555,2022,2022
SNSE072101-EPHI-622I-1,Secha,ETH,health_facility,6.03333,37.555,2022,2022
SNSE072103-EPHI-622I-1,Secha,ETH,health_facility,6.03333,37.555,2022,2022
SNSE072104-EPHI-622I-1,Secha,ETH,health_facility,6.03333,37.555,2022,2022
SNSE072105-EPHI-622I-1,Secha,ETH,health_facility,6.03333,37.555,2022,2022
SNSE072106-EPHI-622I-1,Secha,ETH,health_facility,6.03333,37.555,2022,2022
SNSE072107-EPHI-622I-1,Secha,ETH,health_facility,6.03333,37.555,2022,2022
SNSE072108-EPHI-622I-1,Secha,ETH,health_facility,6.03333,37.555,2022,2022
SNSE072110-EPHI-622I-1,Secha,ETH,health_facility,6.03333,37.555,2022,2022
SNSE072111-EPHI-622I-1,Secha,ETH,health_facility,6.03333,37.555,2022,2022
SNSE072112-EPHI-622I-1,Secha,ETH,health_facility,6.03333,37.555,2022,2022
SNSE072113-EPHI-622I-1,Secha,ETH,health_facility,6.03333,37.555,2022,2022
SNSE072114-EPHI-622I-1,Secha,ETH,health_facility,6.03333,37.555,2022,2022
SNSE072117-EPHI-622I-1,Secha,ETH,health_facility,6.03333,37.555,2022,2022
SNSE072119-EPHI-622I-1,Secha,ETH,health_facility,6.03333,37.555,2022,2022
SNSE072120-EPHI-622I-1,Secha,ETH,health_facility,6.03333,37.555,2022,2022
SNSE072121-EPHI-622I-1,Secha,ETH,health_facility,6.03333,37.555,2022,2022
SNSE072122-EPHI-622I-1,Secha,ETH,health_facility,6.03333,37.555,2022,2022
SNSE072124-EPHI-622I-1,Secha,ETH,health_facility,6.03333,37.555,2022,2022
SNSE072125-EPHI-622I-1,Secha,ETH,health_facility,6.03333,37.555,2022,2022
SNSE072127-EPHI-622I-1,Secha,ETH,health_facility,6.03333,37.555,2022,2022
SNSE072128-EPHI-622I-1,Secha,ETH,health_facility,6.03333,37.555,2022,2022
SNSE072129-EPHI-622I-1,Secha,ETH,health_facility,6.03333,37.555,2022,2022
SNSE072130-EPHI-622I-1,Secha,ETH,health_facility,6.03333,37.555,2022,2022
SNSE072132-EPHI-622I-1,Secha,ETH,health_facility,6.03333,37.555,2022,2022
SNSE072135-EPHI-622I-1,Secha,ETH,health_facility,6.03333,37.555,2022,2022
SNSE072136-EPHI-622I-1,Secha,ETH,health_facility,6.03333,37.555,2022,2022
SNSE072137-EPHI-622I-1,Secha,ETH,health_facility,6.03333,37.555,2022,2022
SNSE072138-EPHI-622I-1,Secha,ETH,health_facility,6.03333,37.555,2022,2022
SNSE072139-EPHI-622I-1,Secha,ETH,health_facility,6.03333,37.555,2022,2022
SNSE072140-EPHI-622I-1,Secha,ETH,health_facility,6.03333,37.555,2022,2022
SNSE072141-EPHI-622I-1,Secha,ETH,health_facility,6.03333,37.555,2022,2022
SNSE072142-EPHI-622I-1,Secha,ETH,health_facility,6.03333,37.555,2022,2022
SNSE072143-EPHI-622I-1,Secha,ETH,health_facility,6.03333,37.555,2022,2022
SNSE072144-EPHI-622I-1,Secha,ETH,health_facility,6.03333,37.555,2022,2022
SNSE072145-EPHI-622I-1,Secha,ETH,health_facility,6.03333,37.555,2022,2022
SNSE072146-EPHI-622I-1,Secha,ETH,health_facility,6.03333,37.555,2022,2022
SNSE072147-EPHI-622I-1,Secha,ETH,health_facility,6.03333,37.555,2022,2022
SNSE072148-EPHI-622I-1,Secha,ETH,health_facility,6.03333,37.555,2022,2022
SNSE072149-EPHI-622I-1,Secha,ETH,health_facility,6.03333,37.555,2022,2022
SNSE072150-EPHI-622I-1,Secha,ETH,health_facility,6.03333,37.555,2022,2022
SNSE072115-EPHI-622I-1,Secha,ETH,health_facility,6.03333,37.555,2022,2022
SNSE072109-EPHI-622I-1,Secha,ETH,health_facility,6.03333,37.555,2022,2022
SNSE072123-EPHI-622I-1,Secha,ETH,health_facility,6.03333,37.555,2022,2022
SNSE072131-EPHI-622I-1,Secha,ETH,health_facility,6.03333,37.555,2022,2022
SNSE072133-EPHI-622I-1,Secha,ETH,health_facility,6.03333,37.555,2022,2022
SNSE072102-EPHI-622I-1,Secha,ETH,health_facility,6.03333,37.555,2022,2022
ET_SL_1043-EPHI-622I-1,Shile,ETH,health_facility,6.3,37.11667,2019,2019
ET_SL_1030-EPHI-622I-1,Shile,ETH,health_facility,6.3,37.11667,2019,2019
ET_SL_1034-EPHI-622I-1,Shile,ETH,health_facility,6.3,37.11667,2019,2019
ET_SL_1039-EPHI-622I-1,Shile,ETH,health_facility,6.3,37.11667,2019,2019
ET_SL_1045-EPHI-622I-1,Shile,ETH,health_facility,6.3,37.11667,2019,2019
ET_SL_1068-EPHI-622I-1,Shile,ETH,health_facility,6.3,37.11667,2019,2019
ET_SL_1109-EPHI-622I-1,Shile,ETH,health_facility,6.3,37.11667,2019,2019
ET_SL_1118-EPHI-622I-1,Shile,ETH,health_facility,6.3,37.11667,2019,2019
ET_SL_1119-EPHI-622I-1,Shile,ETH,health_facility,6.3,37.11667,2019,2019
ET_SL_1138-EPHI-622I-1,Shile,ETH,health_facility,6.3,37.11667,2019,2019
ET_SL_1148-EPHI-622I-1,Shile,ETH,health_facility,6.3,37.11667,2019,2019
ET_SL_1150-EPHI-622I-1,Shile,ETH,health_facility,6.3,37.11667,2019,2019
ET_SL_1159-EPHI-622I-1,Shile,ETH,health_facility,6.3,37.11667,2019,2019
ET_SL_1166-EPHI-622I-1,Shile,ETH,health_facility,6.3,37.11667,2019,2019
ET_SL_1185-EPHI-622I-1,Shile,ETH,health_facility,6.3,37.11667,2019,2019
ET_SL_1200-EPHI-622I-1,Shile,ETH,health_facility,6.3,37.11667,2019,2019
ET_SL_1211-EPHI-622I-1,Shile,ETH,health_facility,6.3,37.11667,2019,2019
ET_SL_1227-EPHI-622I-1,Shile,ETH,health_facility,6.3,37.11667,2019,2019
ET_SL_1233-EPHI-622I-1,Shile,ETH,health_facility,6.3,37.11667,2019,2019
ET_SL_1257-EPHI-622I-1,Shile,ETH,health_facility,6.3,37.11667,2019,2019
ET_SL_1262-EPHI-622I-1,Shile,ETH,health_facility,6.3,37.11667,2019,2019
ET_SL_1279-EPHI-622I-1,Shile,ETH,health_facility,6.3,37.11667,2019,2019
ET_SL_1319-EPHI-622I-1,Shile,ETH,health_facility,6.3,37.11667,2019,2019
ET_SL_1322-EPHI-622I-1,Shile,ETH,health_facility,6.3,37.11667,2019,2019
ET_SL_1324-EPHI-622I-1,Shile,ETH,health_facility,6.3,37.11667,2019,2019
ET_SL_1401-EPHI-622I-1,Shile,ETH,health_facility,6.3,37.11667,2019,2019
ET_SL_1406-EPHI-622I-1,Shile,ETH,health_facility,6.3,37.11667,2019,2019
ET_SL_1409-EPHI-622I-1,Shile,ETH,health_facility,6.3,37.11667,2019,2019
ET_SL_1411-EPHI-622I-1,Shile,ETH,health_facility,6.3,37.11667,2019,2019
ET_SL_1455-EPHI-622I-1,Shile,ETH,health_facility,6.3,37.11667,2019,2019
ET_SL_1456-EPHI-622I-1,Shile,ETH,health_facility,6.3,37.11667,2019,2019
ET_SL_1457-EPHI-622I-1,Shile,ETH,health_facility,6.3,37.11667,2019,2019
ET_SL_1458-EPHI-622I-1,Shile,ETH,health_facility,6.3,37.11667,2019,2019
ET_SL_1459-EPHI-622I-1,Shile,ETH,health_facility,6.3,37.11667,2019,2019
ET_SL_1460-EPHI-622I-1,Shile,ETH,health_facility,6.3,37.11667,2019,2019
ET_SL_1461-EPHI-622I-1,Shile,ETH,health_facility,6.3,37.11667,2019,2019
ET_SL_1462-EPHI-622I-1,Shile,ETH,health_facility,6.3,37.11667,2019,2019
ET_SL_1463-EPHI-622I-1,Shile,ETH,health_facility,6.3,37.11667,2019,2019
ET_SL_1464-EPHI-622I-1,Shile,ETH,health_facility,6.3,37.11667,2019,2019
ET_SL_1466-EPHI-622I-1,Shile,ETH,health_facility,6.3,37.11667,2019,2019
ET_SL_1469-EPHI-622I-1,Shile,ETH,health_facility,6.3,37.11667,2019,2019
ET_SL_1470-EPHI-622I-1,Shile,ETH,health_facility,6.3,37.11667,2019,2019
ET_SL_1471-EPHI-622I-1,Shile,ETH,health_facility,6.3,37.11667,2019,2019
ET_SL_1472-EPHI-622I-1,Shile,ETH,health_facility,6.3,37.11667,2019,2019
ET_SL_1473-EPHI-622I-1,Shile,ETH,health_facility,6.3,37.11667,2019,2019
ET_SL_1474-EPHI-622I-1,Shile,ETH,health_facility,6.3,37.11667,2019,2019
ET_SL_1475-EPHI-622I-1,Shile,ETH,health_facility,6.3,37.11667,2019,2019
ET_SL_1476-EPHI-622I-1,Shile,ETH,health_facility,6.3,37.11667,2019,2019
ET_SL_1477-EPHI-622I-1,Shile,ETH,health_facility,6.3,37.11667,2019,2019
ET_SL_1478-EPHI-622I-1,Shile,ETH,health_facility,6.3,37.11667,2019,2019
ET_SL_1479-EPHI-622I-1,Shile,ETH,health_facility,6.3,37.11667,2019,2019
ET_SL_1480-EPHI-622I-1,Shile,ETH,health_facility,6.3,37.11667,2019,2019
ET_SL_1481-EPHI-622I-1,Shile,ETH,health_facility,6.3,37.11667,2019,2019
ET_SL_1482-EPHI-622I-1,Shile,ETH,health_facility,6.3,37.11667,2019,2019
ET_SL_1483-EPHI-622I-1,Shile,ETH,health_facility,6.3,37.11667,2019,2019
ET_SL_1484-EPHI-622I-1,Shile,ETH,health_facility,6.3,37.11667,2019,2019
ET_SL_1486-EPHI-622I-1,Shile,ETH,health_facility,6.3,37.11667,2019,2019
ET_SL_1487-EPHI-622I-1,Shile,ETH,health_facility,6.3,37.11667,2019,2019
ET_SL_1488-EPHI-622I-1,Shile,ETH,health_facility,6.3,37.11667,2019,2019
ET_SL_1491-EPHI-622I-1,Shile,ETH,health_facility,6.3,37.11667,2019,2019
ET_SL_1494-EPHI-622I-1,Shile,ETH,health_facility,6.3,37.11667,2019,2019
ET_SL_1495-EPHI-622I-1,Shile,ETH,health_facility,6.3,37.11667,2019,2019
ET_SL_1496-EPHI-622I-1,Shile,ETH,health_facility,6.3,37.11667,2019,2019
ET_SL_1497-EPHI-622I-1,Shile,ETH,health_facility,6.3,37.11667,2019,2019
ET_SL_1498-EPHI-622I-1,Shile,ETH,health_facility,6.3,37.11667,2019,2019
ET_SL_1499-EPHI-622I-1,Shile,ETH,health_facility,6.3,37.11667,2019,2019
ET_SL_1500-EPHI-622I-1,Shile,ETH,health_facility,6.3,37.11667,2019,2019
ET_SL_1501-EPHI-622I-1,Shile,ETH,health_facility,6.3,37.11667,2019,2019
ET_SL_1502-EPHI-622I-1,Shile,ETH,health_facility,6.3,37.11667,2019,2019
ET_SL_1503-EPHI-622I-1,Shile,ETH,health_facility,6.3,37.11667,2019,2019
ET_SL_1504-EPHI-622I-1,Shile,ETH,health_facility,6.3,37.11667,2019,2019
ET_SL_1505-EPHI-622I-1,Shile,ETH,health_facility,6.3,37.11667,2019,2019
ET_SL_1506-EPHI-622I-1,Shile,ETH,health_facility,6.3,37.11667,2019,2019
ET_SL_1507-EPHI-622I-1,Shile,ETH,health_facility,6.3,37.11667,2019,2019
ET_SL_1508-EPHI-622I-1,Shile,ETH,health_facility,6.3,37.11667,2019,2019
ET_SL_1509-EPHI-622I-1,Shile,ETH,health_facility,6.3,37.11667,2019,2019
ET_SL_1510-EPHI-622I-1,Shile,ETH,health_facility,6.3,37.11667,2019,2019
ET_SL_1511-EPHI-622I-1,Shile,ETH,health_facility,6.3,37.11667,2019,2019
ET_SL_1512-EPHI-622I-1,Shile,ETH,health_facility,6.3,37.11667,2019,2019
ET_SL_1489-EPHI-622I-1,Shile,ETH,health_facility,6.3,37.11667,2019,2019
ET_SL_1492-EPHI-622I-1,Shile,ETH,health_facility,6.3,37.11667,2019,2019
ET_SL_1493-EPHI-622I-1,Shile,ETH,health_facility,6.3,37.11667,2019,2019
ET_SL_1120-EPHI-622I-1,Shile,ETH,health_facility,6.3,37.11667,2019,2019
ET_SL_1217-EPHI-622I-1,Shile,ETH,health_facility,6.3,37.11667,2019,2019
ET_SL_1224-EPHI-622I-1,Shile,ETH,health_facility,6.3,37.11667,2019,2019
ET_SL_1351-EPHI-622I-1,Shile,ETH,health_facility,6.3,37.11667,2019,2019
ET_SL_1467-EPHI-622I-1,Shile,ETH,health_facility,6.3,37.11667,2019,2019
ET_SL_1468-EPHI-622I-1,Shile,ETH,health_facility,6.3,37.11667,2019,2019
ET_SL_1485-EPHI-622I-1,Shile,ETH,health_facility,6.3,37.11667,2019,2019
ET_SL_1490-EPHI-622I-1,Shile,ETH,health_facility,6.3,37.11667,2019,2019
AMWO031513-EPHI-622I-1,Woreta,ETH,health_facility,11.92777,37.75625,2022,2022
AMWO031518-EPHI-622I-1,Woreta,ETH,health_facility,11.92777,37.75625,2022,2022
AMWO031523-EPHI-622I-1,Woreta,ETH,health_facility,11.92777,37.75625,2022,2022
AMWO031525-EPHI-622I-1,Woreta,ETH,health_facility,11.92777,37.75625,2022,2022
AMWO031527-EPHI-622I-1,Woreta,ETH,health_facility,11.92777,37.75625,2022,2022
AMWO031534-EPHI-622I-1,Woreta,ETH,health_facility,11.92777,37.75625,2022,2022
AMWO031547-EPHI-622I-1,Woreta,ETH,health_facility,11.92777,37.75625,2022,2022
AMWO031548-EPHI-622I-1,Woreta,ETH,health_facility,11.92777,37.75625,2022,2022
AMWO031551-EPHI-622I-1,Woreta,ETH,health_facility,11.92777,37.75625,2022,2022
AMWO031557-EPHI-622I-1,Woreta,ETH,health_facility,11.92777,37.75625,2022,2022
AMWO031564-EPHI-622I-1,Woreta,ETH,health_facility,11.92777,37.75625,2022,2022
AMWO031564-EPHI-622I-1,Woreta,ETH,health_facility,11.92777,37.75625,2022,2022
AMWO031567-EPHI-622I-1,Woreta,ETH,health_facility,11.92777,37.75625,2022,2022
AMWO031601-EPHI-622I-1,Woreta,ETH,health_facility,11.92777,37.75625,2022,2022
AMWO031503-EPHI-622I-1,Woreta,ETH,health_facility,11.92777,37.75625,2022,2022
AMWO031626-EPHI-622I-1,Woreta,ETH,health_facility,11.92777,37.75625,2023,2023
AMWO031507-EPHI-622I-1,Woreta,ETH,health_facility,11.92777,37.75625,2022,2022
AMWO031508-EPHI-622I-1,Woreta,ETH,health_facility,11.92777,37.75625,2022,2022
AMWO031509-EPHI-622I-1,Woreta,ETH,health_facility,11.92777,37.75625,2022,2022
AMWO031510-EPHI-622I-1,Woreta,ETH,health_facility,11.92777,37.75625,2022,2022
AMWO031511-EPHI-622I-1,Woreta,ETH,health_facility,11.92777,37.75625,2022,2022
AMWO031512-EPHI-622I-1,Woreta,ETH,health_facility,11.92777,37.75625,2022,2022
AMWO031517-EPHI-622I-1,Woreta,ETH,health_facility,11.92777,37.75625,2022,2022
AMWO031519-EPHI-622I-1,Woreta,ETH,health_facility,11.92777,37.75625,2022,2022
AMWO031521-EPHI-622I-1,Woreta,ETH,health_facility,11.92777,37.75625,2022,2022
AMWO031526-EPHI-622I-1,Woreta,ETH,health_facility,11.92777,37.75625,2022,2022
AMWO031532-EPHI-622I-1,Woreta,ETH,health_facility,11.92777,37.75625,2022,2022
AMWO031533-EPHI-622I-1,Woreta,ETH,health_facility,11.92777,37.75625,2022,2022
AMWO031539-EPHI-622I-1,Woreta,ETH,health_facility,11.92777,37.75625,2022,2022
AMWO031554-EPHI-622I-1,Woreta,ETH,health_facility,11.92777,37.75625,2022,2022
AMWO031555-EPHI-622I-1,Woreta,ETH,health_facility,11.92777,37.75625,2022,2022
AMWO031561-EPHI-622I-1,Woreta,ETH,health_facility,11.92777,37.75625,2022,2022
AMWO031563-EPHI-622I-1,Woreta,ETH,health_facility,11.92777,37.75625,2022,2022
AMWO031569-EPHI-622I-1,Woreta,ETH,health_facility,11.92777,37.75625,2022,2022
AMWO031579-EPHI-622I-1,Woreta,ETH,health_facility,11.92777,37.75625,2022,2022
AMWO031580-EPHI-622I-1,Woreta,ETH,health_facility,11.92777,37.75625,2022,2022
AMWO031581-EPHI-622I-1,Woreta,ETH,health_facility,11.92777,37.75625,2022,2022
AMWO031582-EPHI-622I-1,Woreta,ETH,health_facility,11.92777,37.75625,2022,2022
AMWO031583-EPHI-622I-1,Woreta,ETH,health_facility,11.92777,37.75625,2022,2022
AMWO031586-EPHI-622I-1,Woreta,ETH,health_facility,11.92777,37.75625,2022,2022
AMWO031587-EPHI-622I-1,Woreta,ETH,health_facility,11.92777,37.75625,2022,2022
AMWO031588-EPHI-622I-1,Woreta,ETH,health_facility,11.92777,37.75625,2022,2022
AMWO031589-EPHI-622I-1,Woreta,ETH,health_facility,11.92777,37.75625,2022,2022
AMWO031590-EPHI-622I-1,Woreta,ETH,health_facility,11.92777,37.75625,2023,2023
AMWO031621-EPHI-622I-1,Woreta,ETH,health_facility,11.92777,37.75625,2023,2023
AMWO031622-EPHI-622I-1,Woreta,ETH,health_facility,11.92777,37.75625,2023,2023
AMWO031623-EPHI-622I-1,Woreta,ETH,health_facility,11.92777,37.75625,2023,2023
AMWO031624-EPHI-622I-1,Woreta,ETH,health_facility,11.92777,37.75625,2023,2023
AMWO031625-EPHI-622I-1,Woreta,ETH,health_facility,11.92777,37.75625,2023,2023
AMWO031627-EPHI-622I-1,Woreta,ETH,health_facility,11.92777,37.75625,2023,2023
AMWO031628-EPHI-622I-1,Woreta,ETH,health_facility,11.92777,37.75625,2023,2023
AMWO031630-EPHI-622I-1,Woreta,ETH,health_facility,11.92777,37.75625,2023,2023
AMWO031524-EPHI-622I-1,Woreta,ETH,health_facility,11.92777,37.75625,2022,2022
AMWO031537-EPHI-622I-1,Woreta,ETH,health_facility,11.92777,37.75625,2023,2023
