site_uid	substudy	date_start	date_end	crt:76:T	mdr1:86:Y	k13:441:L	k13:574:L	k13:622:I	k13:675:V
Abole	untreatedextracted	2022	2022	10/132	2/134	0/134	0/132	3/135	6/135
Andassa	untreatedextracted	2022	2022	106/119	0/118	0/119	0/117	66/123	0/123
Asendabo	untreatedextracted	2022	2022	28/29	0/29	0/29	0/29	2/29	0/29
Batu	untreatedextracted	2022	2022	29/29	0/30	0/29	5/29	0/30	0/31
Dilla	untreatedextracted	2022	2022	6/6	0/5	2/6	0/5	0/6	0/5
Erer	untreatedextracted	2022	2022	37/41	0/39	0/37	0/41	4/44	0/43
Jiga	untreatedextracted	2022	2022	92/101	0/103	0/103	0/103	32/102	0/103
Lante	untreatedextracted	2019	2019	91/91	10/90	0/89	0/91	0/95	0/97
Metehara	untreatedextracted	2019	2019	168/172	5/191	1/178	0/173	1/186	0/185
Secha	untreatedextracted	2022	2022	42/42	0/41	1/42	0/41	0/43	0/43
Shile	untreatedextracted	2019	2019	89/89	1/88	0/88	0/89	0/89	0/89
Woreta	untreatedextracted	2022	2022	44/49	0/51	0/50	0/52	22/52	0/51
