site_uid	substudy	date_start	date_end	gene_mutation	mutant_num	total_num
Benguela	Day0extracted	2017	2017	k13:504:V	0	6
Benguela	untreatedextracted	2017	2017	crt:72_73_74_75_76:CVMNK	2	6
Benguela	untreatedextracted	2017	2017	crt:72_73_74_75_76:CVIET	5	6
Benguela	untreatedextracted	2017	2017	crt:76:T	5	6
Benguela	untreatedextracted	2017	2017	mdr1:86_184_1246:NYD	5	6
Benguela	untreatedextracted	2017	2017	mdr1:86_184_1246:NFD	1	6
Benguela	untreatedextracted	2017	2017	mdr1:86_184_1246:YFD	0	6
Benguela	untreatedextracted	2017	2017	mdr1:86:Y	0	6
Zaire	untreatedextracted	2017	2017	k13:504:V	1	23
Zaire	untreatedextracted	2017	2017	crt:72_73_74_75_76:CVMNK	9	23
Zaire	untreatedextracted	2017	2017	crt:72_73_74_75_76:CVIET	17	23
Zaire	untreatedextracted	2017	2017	crt:76:T	17	23
Zaire	untreatedextracted	2017	2017	mdr1:86_184_1246:NYD	16	23
Zaire	untreatedextracted	2017	2017	mdr1:86_184_1246:NFD	7	23
Zaire	untreatedextracted	2017	2017	mdr1:86_184_1246:YFD	0	23
Zaire	untreatedextracted	2017	2017	mdr1:86:Y	0	23
Lunda_Sul	untreatedextracted	2017	2017	k13:504:V	0	9
Lunda_Sul	untreatedextracted	2017	2017	crt:72_73_74_75_76:CVMNK	9	9
Lunda_Sul	untreatedextracted	2017	2017	crt:72_73_74_75_76:CVIET	1	9
Lunda_Sul	untreatedextracted	2017	2017	crt:76:T	1	9
Lunda_Sul	untreatedextracted	2017	2017	mdr1:86_184_1246:NYD	8	9
Lunda_Sul	untreatedextracted	2017	2017	mdr1:86_184_1246:NFD	2	9
Lunda_Sul	untreatedextracted	2017	2017	mdr1:86_184_1246:YFD	0	9
Lunda_Sul	untreatedextracted	2017	2017	mdr1:86:Y	0	9
