"","crt_K76T","mdr1_N86Y","mdr1_Y184F","mdr1_dup_call","k13_markers","pm2_dup_call"
"1","T,K","N","Y,F",0,"WT",0
"2","T","Y","F",0,"WT",0
"3","T,K","N,Y","F",0,"WT",0
"4","T,K","N,Y","Y,F",0,NA,0
"5","T","N","Y",0,"WT",0
"6","T","N","F",0,"WT",0
"7","K","N","F",0,"WT",0
"8","T","N","Y,F",0,"WT",0
"9","T,K","N","F",0,"WT",0
"10","K","N","Y",0,"WT",0
"11","T,K","N","Y",0,"WT",0
"12","K,T","N,Y","Y,F",0,"WT",0
"13","K,T","N,Y","F",0,"WT",0
"14","K","Y","F",0,"WT",0
"15","K,T","N","F",0,"WT",0
"16","K","N","Y,F",0,"WT",0
"17","T,K","Y","F",0,"WT",0
"18","K","N,Y","F",0,"WT",0
"19","K,T","N","Y",0,"WT",0
"20","-","N,Y","Y,F",-1,NA,-1
"21","T","N,Y","Y,F",0,"WT",0
"22","T","Y","Y",0,"WT",0
"23","K,T","N","Y,F",0,"a676s",0
"24","K,T","N","Y,F",0,"WT",0
"25","K","N,Y","F",-1,"WT",-1
"26","K,T","N,Y","F",0,"p441s",0
"27","T","N","Y",-1,"WT",0
"28","K","N,Y","Y,F",0,"WT",0
"29","T","N","Y",0,"E612D",0
"30","T","N","F",-1,"WT",0
"31","T","Y","F",-1,"WT",-1
"32","T,K","N,Y","Y,F",0,"WT",0
"33","T,K","N,Y","Y",0,"a676s",0
"34","K","Y","Y",0,"WT",0
"35","K,T","Y","Y,F",0,"WT",0
"36","T","Y","Y,F",0,"WT",0
"37","T","N,Y","F",0,"WT",0
"38","T","Y","F",0,"A676S",0
"39","K,T","N,Y","Y",0,"WT",0
"40","T","N","F",0,"S522C",0
"41","T","N,Y","Y,F",0,"a578s",0
"42","T","N,Y","Y",0,"WT",0
"43","K","N","F",-1,"WT",-1
"44","K","N","F",-1,"WT",0
"45","T,K","N","Y",-1,"WT",0
"46","T,K","N","F",-1,"WT",-1
"47","K","N","Y,F",-1,"WT",0
"48","K","N","Y",-1,"WT",0
"49","T,K","N","F",-1,"WT",0
"50","T","N,Y","F",-1,"WT",0
"51","K","N","Y",0,NA,0
"52","K","N,Y","Y",0,"WT",0
"53","T,K","Y","F",-1,"WT",0
"54","T","N","F",-1,NA,0
"55","T","N","Y",-1,"WT",-1
"56","T","N","Y,F",-1,NA,0
"57","K","N","Y,F",-1,NA,-1
"58","T,K","Y","Y",0,"WT",0
"59","T,K","N,Y","Y",0,"WT",0
"60","K","N","F",0,"a569s,v445i*",0
"61","K","N","Y,F",0,"a578s",0
"62","K","N","F",0,"A578S",0
"63","T","N","Y",0,"A578S",0
"64","T,K","Y","Y,F",0,"WT",0
"65","K,T","Y","Y",0,"WT",0
"66","T","N","Y",1,"WT",0
"67","T","N","Y,F",1,"WT",0
"68","T","N","Y,F",-1,"WT",-1
"69","T","N","Y",1,"P443S",0
"70","T","N","Y",-1,"r561h",0
"71","T","N","Y",1,"R561H",0
"72","T","N","Y",1,NA,0
"73","T","N","Y",0,"WT",-1
"74","T","N","Y",0,"n458y",0
"75","T","N","Y",0,"R561H",0
"76","T","N","Y",1,"N458Y",-1
"77","T","N","Y",1,"A675V",0
"78","T","N","Y",1,"n458y,g538v*",0
"79","T","N","Y",1,"r561h,g538v*",0
"80","T","N","Y",0,"G538V",0
"81","T","N","F",0,"A675V",0
"82","T","N","Y",1,"C580Y",0
"83","T","N","Y",0,"P441L",0
"84","T","N","Y",1,"c580y",0
"85","T","N","Y",1,"p441l",0
"86","T","N","Y",1,"a675v",0
"87","T","N","F",1,"R539T",0
"88","T","N","F",1,"C580Y",0
"89","T","N","F",0,"C580Y",0
"90","T","N","Y",1,"P574L",0
"91","T","N","F",0,"P574L",0
"92","T","N","Y,F",1,"A675V",0
"93","T","N","Y",0,"A675V",0
"94","T","N","Y",1,"A481V",0
"95","T","N","Y",1,"G538V",0
"96","T","N","Y",0,"F446I",0
"97","T","N","F",1,"A675V",0
"98","T","N","Y",1,"N458Y",0
"99","T","N","F",0,"P553L",0
"100","T","N","Y",0,"N458Y",0
"101","T","N","Y",1,"P441L",0
"102","T","N","Y",0,"F614L",0
"103","T","N","Y",0,"C580Y",0
"104","T","N","F",1,"r539t",0
"105","T","N","Y",0,"c580y",0
"106","T","N","F",0,"R539T",0
"107","T","N","F",0,"P441L",0
"108","T","N","Y",0,"G449A",0
"109","T","N","Y,F",1,"p574l,p667a*",0
"110","T","N","F",1,"c580y,r539t*",1
"111","T","N","Y",1,"P527H",0
"112","T","N","Y",0,"WT",1
"113","T","N","F",0,"N458Y",0
"114","T","N","Y",0,"P527H",0
"115","T","N","Y",0,"S485N",0
"116","T","N","Y",0,"R575K",0
"117","T","N","Y",1,"c580y,r561h*",0
"118","T","N","Y",0,"M476I",0
"119","T","N","Y",1,"K438N",0
"120","T","N","F",1,"WT",0
"121","T","N","F",0,"R575K",0
"122","K","N","Y",0,"R561H",0
"123","T","N","Y,F",0,"a675v",0
"124","T","N","Y,F",0,"k438n",0
"125","T","N","Y,F",0,"r515k",0
"126","T","N","Y",1,"R515K",0
"127","T","N","F",1,"r515k",0
"128","T","N","Y",1,"k438n",0
"129","-","N","Y",1,"WT",0
"130","T","N","Y",0,"m476i,g538v*",0
"131","T","N","Y",1,"M476I",0
"132","-","N","F",0,"WT",0
"133","T","N","Y",0,"p441l",0
"134","T","N","Y",0,"P574L",0
"135","T","N","Y,F",-1,"WT",0
"136","T","N","Y",1,"k438n,g538v*",0
"137","-","N","Y",-1,"WT",0
"138","T","N","Y",0,"a675v",0
"139","T","N","Y",-1,"C580Y",0
"140","T","N","Y",1,"c580y/a675v*",0
"141","T","N","Y",1,"K479I",0
"142","T","N","Y",1,"G449A",0
"143","T","N","F",0,"c532w,s485n*",0
"144","T","N","Y",1,"WT",1
"145","T","N","Y",1,"S381N",0
"146","T","N","F",0,"C580Y",1
"147","K","Y","Y",-1,"WT",0
"148","K","N","Y",0,"a578s",0
"149","K","N,Y","F",-1,"WT",0
"150","T","N,Y","F",0,"a578s*",0
"151","T","Y","F",-1,"WT",0
"152","K,T","Y","F",0,"WT",0
"153","K","N","F",0,"N458D",0
"154","K","N,Y","Y,F",-1,"WT",0
"155","K","Y","F",0,"A578S",0
"156","K","Y","Y,F",0,"WT",0
"157","K,T","N","F",0,"v589i",0
"158","K","N,Y","Y,F",0,"v520i",0
"159","K","N","Y,F",0,"WT",-1
"160","K","N","F",0,"WT",-1
"161","K","N,Y","F",0,"WT",-1
"162","K","N","Y",-1,"WT",-1
"163","K","Y","F",-1,"WT",0
"164","K","N","F",-1,NA,0
"165","K,T","N","Y,F",-1,"WT",0
"166","K","Y","F",0,"WT",-1
"167","K","N","Y,F",0,"s522c",0
"168","K","N,Y","F",0,"a578s",0
"169","K","N,Y","F",0,"a676s",0
"170","K","N","F",0,"V566I",0
"171","T","Y","F",0,"V566I",0
"172","T","N","F",-1,"WT",-1
"173","K",NA,"F",-1,NA,-1
"174","K","N","Y",-1,NA,-1
"175","K","N","F",-1,NA,-1
"176","T","N","F",1,"WT",1
"177","T","N","Y,F",1,"c580y",0
"178","T","N","Y",1,"Y493H",0
"179","T","N","F",0,"Y493H",0
"180","T","N","Y",0,"Y493H",0
"181","T","N","F",1,"Y493H",0
"182","T","N","Y,F",0,"y493h",0
"183","T","N","F",1,"y493h",0
"184","T","N","F",0,"G449A",0
"185","T","N","Y,F",0,"h719n,c580y*",0
"186","T","N","Y",0,"D584V",0
"187","T","N","Y",1,"R539T",0
"188","T","N","F",0,"A481V",0
"189","T","N","Y,F",1,"C580Y",1
"190","T","N","F",0,"c580y",1
"191","T","N","F",0,"Y493H",1
"192","T","N","Y,F",0,"C580Y",1
"193","T","N","F",0,"c580y",0
"194","T","N","F",0,"c580y,h719n*",0
"195","T","N","F",1,"C580Y",1
"196","T","N","Y,F",0,"C580Y",0
"197","T","N","F",0,"F395Y",1
"198","T","N","F",0,"h719n",0
"199","T,K","N","F",0,"c580y",1
"200","T","N","Y,F",1,"C580Y",0
"201","T","N","Y",0,"y493h/c580y*",0
"202","T","N","Y",0,"y493h,c580y*",0
"203","T","N","Y,F",1,"WT",1
"204","T","N","F",0,"D584V",0
"205","T","N","Y,F",0,"c580y",1
"206","T","N","F",0,"WT",1
"207","T","N","Y,F",0,"H719N",0
"208","T","N","Y,F",0,"Y493H",0
"209","T","N","Y",0,"C580Y",1
"210","T","N","F",1,"WT",-1
"211","T","N","F",0,"y493h,c580y*",1
"212","-","N","F",1,"R539T",0
"213","T","N","F",0,"d584v",0
"214","T","N","Y,F",0,"c580y",0
"215","T","N","Y",0,"S459L",0
"216","T","N","Y,F",0,"c580y",-1
"217","T","N","Y,F",1,"c580y,r539t/h719n*",0
"218","T","N","F",1,"c580y",1
"219","T","N","F",0,"WT",-1
"220","T","N","Y,F",1,"R539T",0
"221","T","N","F",0,"c580y,r539t/c580y",0
"222","T","N","Y",0,"I543T",0
"223","T","N","F",0,"C580Y",-1
"224","T","N","F",-1,"C580Y",1
"225","T","N","Y,F",1,"r539t,c580y*",0
"226","T","N","F",-1,"C580Y",-1
"227","T","N","F",-1,"C580Y",0
"228","T","N","F",0,"H719N",1
"229","T","N","Y",0,"y493h/c580y*",1
"230","T","N","Y",1,"c580y,y493h*",0
"231","T","N","Y",-1,NA,0
"232","T","N","Y,F",0,"WT",1
"233","T","N","F",1,"y493h/h719n*",0
"234","T","N","F",0,"H719N",0
"235","T","N","F",0,"c580y,y493h*",1
"236","T","N","F",-1,"c580y",1
"237","T","N","Y",0,"P553L",0
"238","T","N","Y,F",-1,"c580y",0
"239","T","N","Y,F",-1,"C580Y",1
"240","T","N","F",-1,"c580y,h719n*",-1
"241","T","N","Y",-1,"c580y",1
"242","-","N","F",0,"C580Y",1
"243","T,K","N","Y,F",-1,"WT",0
"244","T,K","N,Y","F",-1,"WT",0
"245","K","Y","F",0,"C532S",0
"246","T","N,Y","Y,F",-1,"WT",0
"247","K","Y","F",0,"a578s",0
"248","T","N","Y",0,"G665S",0
"249","K","N","F",0,"m460i*",0
"250","T","Y","F",0,"A578S",0
"251","K,T","N,Y","Y,F",0,"i354v",0
"252","K","N","Y",0,"V589I",0
"253","T","N","Y",0,"S522C",0
"254","T","Y","Y",0,"E596G",0
"255","K,T","N","Y,F",0,"WT",-1
"256","T","N","Y,F",0,"WT",-1
"257","K,T","N","Y,F",0,"a578s",0
"258","T,K","N,Y","Y,F",1,"WT",0
"259","-","Y","Y",-1,"WT",0
"260","T","Y","Y",-1,"WT",0
"261","T","Y","Y",1,"WT",0
"262","T","Y","Y",0,"a724p",0
"263","T","Y","Y",0,"A724P",0
"264","T",NA,"Y,F",0,"WT",0
"265","K","N","Y,F",0,"y630f",0
"266","K","N","Y,F",0,"t593s",0
"267","K","N,Y","Y,F",0,NA,0
"268","K","N","F",0,"Y630F",0
"269","K","N","Y,F",0,NA,0
"270","K","N","Y",0,"A578S",0
"271","K","N","Y,F",0,"v637i",0
"272","K","N","Y",0,"P553L",0
"273","T,K","N","Y",0,"p553l",0
"274","K","N","Y",0,"P574L",0
"275","K","N","Y",0,"p553l",0
"276","K","N","Y",0,"V568G",0
"277","T","N","F",0,"M476I",0
"278","T","N","F",0,"D353Y",0
"279","K","N","Y",0,"I543T",0
"280","T","N","Y,F",0,"p553l",0
"281","K","N","Y",0,"v568g",0
"282","T,K","N","Y",0,"V568G",0
"283","T","N","Y",1,"p553l,i543t*",0
"284","T","N","F",1,"c580y,p553l*",0
"285","T","N","Y,F",0,"p574l,i543t*",0
"286","T","N","Y",1,"P553L",0
"287","T","N","Y",0,"V568G",0
"288","T,K","N","F",0,"P553L",0
"289","T","N","Y",0,"y493h",0
"290","T","N","Y",0,"p553l",0
"291","T","N","Y",0,"P667L",0
"292","T","N","F",0,"F673I",0
"293","T","N","F",0,"F446I",0
"294","T","N","F",0,"R561H",0
"295","T","N","Y,F",0,"f446i",0
"296","T","N","Y",0,"K438N",0
"297","T","N","Y,F",0,"G449A",0
"298","T","N","Y",1,"F446I",0
"299","T","N","F",1,"F446I",0
"300","T","N","F",0,"A676D",0
"301","T","N","Y",0,"f446i",0
"302","T","N","Y",0,"P443S",0
"303","K","N","Y",1,"f446i",0
"304","K","N","Y",0,"f446i",0
"305","T","N","Y",-1,"F446I",0
"306","T","N","Y",-1,"F446I",-1
"307","T","N","Y",-1,NA,-1
"308","T","N","Y",0,"F446I",-1
"309","T","N","F",-1,"F446I",-1
"310","T","N","Y",0,"S459L",-1
"311","T","N","Y",-1,"I352T",-1
"312","T","N","Y",-1,"P574L",0
"313","T","N","Y",0,"H719N",0
"314","T","N","Y",0,"R539T",0
"315","T","Y","Y",0,"Q613E",0
"316","K,T","N,Y","Y,F",0,"q613e",0
"317","T","Y","F",0,"a578s*",0
"318","T","N,Y","Y,F",0,"q613e*",0
"319","K,T","N,Y","Y",0,"a557s",0
"320","T,K","N,Y","Y,F",0,"s522c",0
"321","T,K","N,Y","Y,F",0,"a578s*",0
"322","T","N","Y",-1,"A578S",0
"323","T","N","Y",0,"H384Y",0
"324","T,K","N,Y","Y,F",0,"s550f",0
"325","T","Y","Y,F",-1,"WT",0
"326","K,T","Y","Y,F",-1,"WT",0
"327","T,K","Y","Y",-1,"WT",0
"328","T","N,Y","Y",0,NA,0
"329","K,T","N,Y","Y,F",-1,"v534a",0
"330","K","N,Y","Y",-1,"WT",0
"331","K,T","N","Y",-1,"WT",0
"332","T","N,Y","Y",-1,"WT",0
"333","T,K","N","F",0,"T573S",0
"334","T","N","F",0,"A578S",0
"335","T","N","Y,F",0,"a578s",0
"336","K","Y","F",0,"A557S",0
"337","K","N","Y",0,"E433D",0
"338","K","Y","F",0,"a578s*",0
"339","T",NA,NA,-1,NA,-1
"340","T","N,Y","Y,F",0,"WT",-1
"341","T","N",NA,-1,"WT",0
"342","T",NA,"Y",0,"WT",0
"343","T","N","Y",0,"a578s",0
"344","T",NA,NA,-1,NA,0
"345","T","Y","Y",0,"WT",-1
"346","T","N","Y",0,NA,-1
"347","T,K","N","Y",0,"WT",-1
"348","T",NA,NA,-1,"WT",-1
"349","T","N","Y,F",0,"c580y,p553l/g687r*",1
"350","T","N","Y",0,NA,0
"351","T","N","Y,F",0,"c580y,v445i/c580y",0
"352","-",NA,NA,-1,"WT",0
"353","T","N",NA,-1,"WT",-1
"354","T","N","Y",0,"a724v",0
"355","T","N,Y","Y",0,"WT",-1
"356","T","Y","Y",0,"g674r",0
"357","T","N,Y","Y,F",-1,"WT",-1
"358","K,T","N","F",-1,"WT",0
"359","T,K","N","F",0,"WT",-1
"360","T","Y","Y",0,"A578S",0
"361","T","Y","Y",-1,"WT",-1
"362","T",NA,"Y",-1,NA,-1
"363","T","N,Y","Y",-1,NA,-1
"364","T,Q*","N","Y",-1,"WT",-1
"365","T","Y","Y",0,"S711T",0
"366","T","Y","Y",-1,NA,-1
"367","T","N,Y","Y",0,"s711t",0
"368","T","N","Y",0,"E605K",0
"369","T","Y","Y",0,NA,0
"370","T",NA,NA,0,"t573i",-1
"371","T","N","F",-1,NA,-1
"372","K,T","N","Y",-1,NA,0
"373","T","N","Y,F",0,"p475s",0
"374","K,T","N","Y,F",-1,"WT",-1
"375","T","N","F",-1,"n523d",0
"376","T","N","Y",1,"C580Y",-1
"377","T","N","Y",1,"WT",-1
"378","T","N","Y",1,"G533S",0
"379","T","N","Y",0,"G533S",0
"380","T","N","Y",0,"P527H",-1
"381","T","N","F",0,"M562I",0
"382","T","N","Y",-1,"R561H",-1
"383","T","N","Y",-1,"c580y",0
"384","T","N","Y",-1,"C580Y",-1
"385","T","N","Y",0,"m476i",0
"386","T","N","Y",0,"p441l,g449a*",-1
"387","T","N","Y",-1,"m476i",-1
"388","T","N","Y,F",0,"f446i,p441l*",0
"389","T","N","Y",0,"G449A",-1
"390","T","N","Y",0,"g449a",0
"391","T","N","Y",-1,"G533S",-1
"392","T","N","Y",-1,"P441L",-1
"393","T","N","F",0,"C469F",0
"394","T","N","Y",0,"C469Y",0
"395","T","N","Y,F",-1,"C580Y",-1
"396","T,K","N","Y,F",0,"a578s*",0
"397","K","N","F",0,"Q613E",0
"398","K,T","N","Y,F",0,"q613e",0
"399","T","N","F",0,"Y511H",0
"400","-","N","Y",0,"WT",0
"401","T","N",NA,-1,"C580Y",-1
"402","T",NA,"F",0,"C580Y",1
"403","T","N","Y,F",-1,NA,-1
"404","T","Y","Y",0,"P553L",0
"405","T",NA,"F",-1,"C580Y",-1
"406","T","N",NA,0,NA,-1
"407","T","N",NA,-1,NA,-1
"408","T","N","F",0,NA,-1
"409","K","N","Y",0,"WT",-1
"410","K","N","Y",0,NA,-1
"411","-","N","Y",0,"WT",-1
"412","T","N","Y",-1,"P553L",0
"413","T","N",NA,-1,"R561H",0
"414","T","N","Y",-1,"M476I",-1
"415","T","N","F",0,"g533s",0
"416","T","N","F",0,"p441l,g533s*",0
"417","T","N","F",0,"G533S",0
"418","T","N","F",0,"M562I",-1
"419","T","N",NA,0,"R561H",-1
"420","T",NA,NA,-1,"G538V",-1
"421","T","N","Y",-1,"R561H",0
"422","T",NA,NA,-1,"P441L",-1
"423","T","N","Y",0,"P441L",-1
"424","T",NA,"Y",-1,"G449A",-1
"425","T","N","F",0,"s400n",0
"426","T","N","Y",0,"p553s",0
"427","T","N","Y",-1,"G538V",0
"428","T",NA,"F",-1,"P441L",-1
"429","T","N","Y",1,"f446i",0
"430","T","N","Y",0,"t535m,g496s*",-1
"431","T","N","F",0,"P667T",0
"432","T","N","Y",0,"C580F",0
"433","T","N","Y,F",-1,"G449A",0
"434","-","N","F",-1,"WT",-1
"435","T","N",NA,-1,"P441L",0
"436","T","N","Y",0,"r561h",0
"437","T","N",NA,0,"C580Y",-1
"438","K","N","F",0,"C469F",0
"439","K","N","Y",0,"C469F",0
"440","T","N","Y",0,"c580y",1
"441","T","N","F",0,"c580y,c580y/g718s",0
"442","T","N","Y",-1,"g450r",-1
"443","T","N","Y",0,"p574l",0
"444","T",NA,NA,-1,"WT",0
"445","T",NA,"Y",-1,"WT",-1
"446","T","N","F",0,"r539t/c580y*",1
"447","T","N","Y,F",0,"c580y,r561h*",1
"448","-","N","F",0,"c580y",0
"449","T,K","N","Y",0,NA,-1
"450","-","N","F",-1,"C580Y",-1
"451","T","N","F",0,"c580y,a578d/c580y",1
"452","T","N","F",0,"c580y,p419s/c580y",0
"453","T","N",NA,-1,"P553L",-1
"454","T","N","F",0,"c580y,h719n*",1
"455","T","N","F",0,"y493h/c580y*",1
"456","-","N","Y",-1,"WT",-1
"457","T","N,Y","Y",0,"WT",1
"458","T","N","Y,F",-1,"WT",1
"459","K,T","N,Y","Y",-1,"WT",0
"460","T,K","N,Y","Y",-1,"WT",-1
"461","K","N","Y",0,"g690d",0
"462","T","N","Y",-1,"g625e",-1
"463","T","N","Y,F",0,"g718s",0
"464","T,K","N","Y",0,"e362k",-1
"465","T","Y","Y",-1,NA,0
"466","K","Y","Y",-1,NA,-1
"467","K","N","Y,F",-1,"WT",-1
"468","K","N","Y",0,"n704t",0
"469","K","N,Y","Y",0,"e567k",-1
"470","K","Y","Y",-1,"WT",-1
"471","T",NA,"Y",-1,"WT",0
"472","T","N","F",0,NA,0
"473","K","N","Y",-1,NA,0
"474","K","N","Y",-1,"d353n",-1
"475","K",NA,NA,-1,NA,0
"476","K","Y","Y",-1,NA,0
"477","T","Y","Y",0,NA,-1
"478","K","N,Y",NA,0,NA,-1
"479","K","N",NA,0,NA,-1
"480","K,T","N","F",-1,NA,-1
"481","K","N",NA,-1,"WT",0
"482","K","N","Y",0,"d399n",0
"483","K","N","Y",-1,"r515k",-1
"484","K,T","N","Y",-1,"WT",-1
"485","K",NA,NA,-1,NA,-1
"486","K,T","N,Y","Y",-1,"WT",-1
"487","T","N","F",0,"c580y,t573i/c580y",1
"488","K,T","N","Y",0,"WT",-1
"489","K","N","F",0,NA,0
"490","K,T","N,Y","F",0,"WT",-1
"491","T,K","N","F",-1,NA,-1
"492","T,K","Y","F",0,NA,-1
"493","K","N","F",0,NA,-1
"494","T,K","N","F",0,NA,-1
"495","K","N",NA,-1,NA,-1
"496","K,T","N,Y","Y,F",0,"v589i",0
"497","T,K","N","F",0,"S522C",0
"498","T","N","Y",0,"Q613H",0
"499","K","N","Y",0,"g538v",0
"500","K",NA,"Y",-1,NA,-1
"501","K","N,Y","F",0,NA,-1
"502","K,T","N","Y",-1,NA,-1
"503","K","N,Y","Y,F",-1,"WT",-1
"504","K","Y","F",-1,NA,0
"505","K","N,Y","Y,F",0,"WT",-1
"506","K","N",NA,0,"WT",-1
"507","K","N","Y,F",0,"n458d",0
"508","K","N","Y,F",-1,NA,0
"509","K,T",NA,NA,-1,"WT",-1
"510","K","N",NA,-1,NA,0
"511","K","N","Y,F",0,"A578S",0
"512","K","N","Y",0,"a504d",0
"513","K","N","F",0,"a557s",0
"514","T","N","Y",0,"C532S",0
"515","K",NA,"Y",-1,"G358E",0
"516","K",NA,"Y",-1,"WT",-1
"517","K","N",NA,-1,"WT",-1
"518","T,K","N","Y",0,NA,0
"519","T,K","N",NA,0,NA,-1
"520","T","N","Y",0,"V589I",0
"521","T","Y","Y,F",0,"v520a*",0
"522","K","N","Y,F",0,"e668d",0
"523","K","Y","F",-1,"WT",-1
"524","K","N",NA,0,"WT",0
"525","K",NA,"Y",-1,"a621d",0
"526","T,K","N,Y","F",0,"WT",-1
"527","K","Y","F",0,NA,0
"528","K","N","Y",0,"d584n",0
"529","K","N","F",0,"a578s",0
"530","K","N","F",0,"y546c",0
"531","K","Y","F",-1,NA,-1
"532","K,T",NA,NA,-1,NA,-1
"533","T","Y","F",0,NA,0
"534","K","N,Y","F",0,"t350s",0
"535","-","N","F",-1,NA,0
"536","K","N,Y","Y,F",0,NA,-1
"537","-","N",NA,-1,NA,-1
"538","T,K","N",NA,-1,NA,-1
"539","T","Y","Y",-1,"e620k*",0
"540","K",NA,NA,-1,"WT",-1
"541","T","Y","F",0,NA,-1
"542","K","N","Y",0,"S522C",0
"543","K,T","N","Y,F",0,NA,0
"544","T,K","N,Y","Y",-1,NA,-1
"545","T","N","F",0,"a578s",0
"546","T","N","F",-1,"A578S",0
"547","T,K","N","F",0,NA,0
"548","T","N","Y,F",0,NA,-1
"549","K","N","Y,F",0,NA,-1
"550","K","Y","F",0,NA,-1
"551","K,T","N,Y","Y,F",-1,"WT",-1
"552","K,T","N","F",0,NA,-1
"553","T","N","F",0,"n499s",0
"554","K,T","N","F",-1,"WT",-1
"555","K,T","N","Y,F",0,"g544e",0
"556","T,K","N","Y,F",0,NA,-1
"557","K","N,Y","Y,F",-1,NA,-1
"558","K","N","F",0,"v517i",0
"559","K","N","Y",0,"y482h",-1
"560","K","N,Y","Y",0,"WT",-1
"561","T,K","N","Y,F",-1,NA,-1
"562","K","N","F",0,"y482h",0
"563","K","N","Y",-1,"y482h",-1
"564","K,T","N",NA,0,"WT",-1
"565","K",NA,NA,0,"WT",0
"566","K",NA,"F",0,NA,-1
"567","T,K","N","Y,F",0,"a578s",0
"568","K","N,Y","Y,F",-1,NA,0
"569","K,T","N","Y,F",-1,NA,-1
"570","T","Y","F",0,"WT",-1
"571","T",NA,"Y",-1,NA,0
"572","T","N,Y",NA,-1,NA,-1
"573","K",NA,NA,-1,"A578S",0
"574","K","N","Y",-1,"V637I",-1
"575","K",NA,NA,0,NA,0
"576","T,K","N,Y","Y",-1,NA,0
"577","K","N","Y",-1,"A578S",0
"578","K","N,Y","F",-1,NA,0
"579","K","N","F",-1,"e426k",-1
"580","T","N,Y","Y",-1,NA,0
"581","K,T","N","Y,F",0,NA,-1
"582","K,T","N",NA,-1,NA,-1
"583","K,T","Y","F",0,"WT",-1
"584","T","N","Y",-1,"P553L",-1
"585","T","N","Y",1,NA,-1
"586","T",NA,"F",0,NA,-1
"587","T","N","Y",0,"C580Y",-1
"588","T,K","N","Y",-1,NA,-1
"589","K,T","N","Y",0,NA,-1
"590","T","N","Y",-1,"I543T",-1
"591","T","N","Y",0,"K607E",0
"592","T","N","Y",-1,"K607E",-1
"593","T","N","F",-1,"T474I",-1
"594","T","N","Y",0,"I543T",-1
"595","T","N","F",0,"T474I",-1
"596","T","N","F",-1,"t474i/d584h,t474i",0
"597","K","Y","Y",0,NA,-1
"598","K","N","Y",0,"i543t",0
"599","T","N","Y,F",-1,"I543T",-1
"600","T","N","F",-1,"I543T",-1
"601","T,K","N","Y",-1,"i543t",0
"602","T,K","N","Y",0,"I543T",0
"603","T","N","Y",0,"P553L",-1
"604","K,T","N","Y",0,"c580y",0
"605","T,K","N","Y",0,"P553L",0
"606","K","N","Y",0,"c580y",-1
"607","T,K","N","Y",0,"P553L",-1
"608","T",NA,NA,-1,"C580Y",-1
"609","T",NA,"F",-1,NA,-1
"610","T","N",NA,-1,"C580Y",0
"611","-",NA,NA,-1,"P553L",-1
"612","T","N","F",-1,"Y511H",-1
"613","T","N","F",0,"y511h,p553l*",0
"614","K",NA,"Y",-1,"C469F",-1
"615","T","N","F",0,"Y511H",-1
"616","-","N","Y",-1,NA,-1
"617","K,T","N,Y","Y,F",0,"c447s*",0
"618","K","N,Y","F",-1,NA,-1
"619","K,T","N","Y,F",-1,NA,0
"620","T","Y","Y",1,"WT",-1
"621","T","N","Y",0,"e602k",0
"622","T","Y",NA,-1,NA,-1
"623","K,T","N,Y","Y",0,"WT",-1
"624","K","N","F",0,"e431k",0
"625","K","Y",NA,-1,NA,-1
"626","K",NA,NA,-1,"WT",0
"627","T,K","N","Y,F",-1,"WT",-1
"628","T",NA,"F",-1,"WT",0
"629","T",NA,"Y",0,"WT",-1
"630","T","Y","F",-1,NA,-1
"631","T",NA,"F",-1,"WT",-1
"632","K","N","Y,F",0,"m608t",0
"633","K","N,Y","F",0,NA,0
"634","T,K","N,Y","Y,F",-1,"WT",-1
"635","K",NA,"F",0,"WT",-1
"636","K","N,Y","Y",-1,"WT",-1
"637","T,K","Y","F",-1,NA,-1
"638","T","Y",NA,-1,"WT",-1
"639","K",NA,"F",-1,"WT",-1
"640","T,K","N","Y",-1,"WT",-1
"641","K,P","Y","Y",-1,NA,-1
"642","T","N","F",-1,"E433D",0
"643","T","Y","Y,F",-1,"t677i",-1
"644","T,K","N","Y,F",0,"e433d",-1
"645","K","Y","Y",0,"WT",-1
"646","K","N",NA,-1,"d584n",-1
"647","K","N",NA,0,NA,0
"648","K","N","Y,F",0,"t350s",0
"649","K","N","Y,F",0,"a578s*",0
"650","K","N","F",-1,"d353n",-1
"651","K","N","F",0,"A676S",0
"652","K","N","F",0,"p441s",0
"653","K","N,Y","Y,F",0,"a578s",0
"654","K,T","N","F",0,NA,0
"655","T","N","F",0,"V589I",0
"656","T","N","F",0,"a676s",0
"657","K","Y","Y,F",-1,"WT",-1
"658","K,T","N","F",-1,NA,0
"659","T","N,Y","Y,F",0,"S600A",0
"660","T,K","N,Y","Y",0,"s522c",0
"661","T","Y","Y",0,"i354v",0
"662","T","N","F",0,"I634L",0
"663","K,T","N,Y","Y,F",0,"v517i",0
